{"kind": "Listing", "data": {"after": "t3_17pgbbl", "dist": 25, "modhash": "xlqr188rwh6b3a585c399dbda13a5901d34efbad8b05026c7f", "geo_filter": "", "children": [{"kind": "t3", "data": {"approved_at_utc": null, "subreddit": "Concordia", "selftext": "Hello guys, I just applied to the Master of Engineering in Construction Management for the summer term with a CGPA of 3.04, Are there any chances of getting accepted?", "author_fullname": "t2_nfcsvh0kt", "saved": false, "mod_reason_title": null, "gilded": 0, "clicked": false, "title": "Admission chances", "link_flair_richtext": [], "subreddit_name_prefixed": "r/Concordia", "hidden": false, "pwls": 6, "link_flair_css_class": null, "downs": 0, "top_awarded_type": null, "hide_score": true, "name": "t3_17q6vzg", "quarantine": false, "link_flair_text_color": "dark", "upvote_ratio": 1.0, "author_flair_background_color": null, "subreddit_type": "public", "ups": 1, "total_awards_received": 0, "media_embed": {}, "author_flair_template_id": null, "is_original_content": false, "user_reports": [], "secure_media": null, "is_reddit_media_domain": false, "is_meta": false, "category": null, "secure_media_embed": {}, "link_flair_text": null, "can_mod_post": false, "score": 1, "approved_by": null, "is_created_from_ads_ui": false, "author_premium": false, "thumbnail": "", "edited": false, "author_flair_css_class": null, "author_flair_richtext": [], "gildings": {}, "content_categories": null, "is_self": true, "mod_note": null, "created": 1699397201.0, "link_flair_type": "text", "wls": 6, "removed_by_category": null, "banned_by": null, "author_flair_type": "text", "domain": "self.Concordia", "allow_live_comments": false, "selftext_html": "&lt;!-- SC_OFF --&gt;&lt;div class=\"md\"&gt;&lt;p&gt;Hello guys, I just applied to the Master of Engineering in Construction Management for the summer term with a CGPA of 3.04, Are there any chances of getting accepted?&lt;/p&gt;\n&lt;/div&gt;&lt;!-- SC_ON --&gt;", "likes": null, "suggested_sort": null, "banned_at_utc": null, "view_count": null, "archived": false, "no_follow": true, "is_crosspostable": true, "pinned": false, "over_18": false, "all_awardings": [], "awarders": [], "media_only": false, "can_gild": false, "spoiler": false, "locked": false, "author_flair_text": null, "treatment_tags": [], "visited": false, "removed_by": null, "num_reports": null, "distinguished": null, "subreddit_id": "t5_2rsnl", "author_is_blocked": false, "mod_reason_by": null, "removal_reason": null, "link_flair_background_color": "", "id": "17q6vzg", "is_robot_indexable": true, "report_reasons": null, "author": "Shbkoo_9", "discussion_type": null, "num_comments": 0, "send_replies": true, "whitelist_status": "all_ads", "contest_mode": false, "mod_reports": [], "author_patreon_flair": false, "author_flair_text_color": null, "permalink": "/r/Concordia/comments/17q6vzg/admission_chances/", "parent_whitelist_status": "all_ads", "stickied": false, "url": "https://www.reddit.com/r/Concordia/comments/17q6vzg/admission_chances/", "subreddit_subscribers": 35608, "created_utc": 1699397201.0, "num_crossposts": 0, "media": null, "is_video": false}}, {"kind": "t3", "data": {"approved_at_utc": null, "subreddit": "Concordia", "selftext": "Heyy, I'm a JMSB student. does anyone know how or where to find part-time internships if we're not in COOP. I'm looking for the Winter semester or summer 2024. Anyone knows?", "author_fullname": "t2_qdy88kqf", "saved": false, "mod_reason_title": null, "gilded": 0, "clicked": false, "title": "Part-time Internships", "link_flair_richtext": [], "subreddit_name_prefixed": "r/Concordia", "hidden": false, "pwls": 6, "link_flair_css_class": null, "downs": 0, "top_awarded_type": null, "hide_score": true, "name": "t3_17q5t69", "quarantine": false, "link_flair_text_color": "dark", "upvote_ratio": 1.0, "author_flair_background_color": null, "subreddit_type": "public", "ups": 1, "total_awards_received": 0, "media_embed": {}, "author_flair_template_id": null, "is_original_content": false, "user_reports": [], "secure_media": null, "is_reddit_media_domain": false, "is_meta": false, "category": null, "secure_media_embed": {}, "link_flair_text": null, "can_mod_post": false, "score": 1, "approved_by": null, "is_created_from_ads_ui": false, "author_premium": false, "thumbnail": "", "edited": false, "author_flair_css_class": null, "author_flair_richtext": [], "gildings": {}, "content_categories": null, "is_self": true, "mod_note": null, "created": 1699394472.0, "link_flair_type": "text", "wls": 6, "removed_by_category": null, "banned_by": null, "author_flair_type": "text", "domain": "self.Concordia", "allow_live_comments": false, "selftext_html": "&lt;!-- SC_OFF --&gt;&lt;div class=\"md\"&gt;&lt;p&gt;Heyy, I&amp;#39;m a JMSB student. does anyone know how or where to find part-time internships if we&amp;#39;re not in COOP. I&amp;#39;m looking for the Winter semester or summer 2024. Anyone knows?&lt;/p&gt;\n&lt;/div&gt;&lt;!-- SC_ON --&gt;", "likes": null, "suggested_sort": null, "banned_at_utc": null, "view_count": null, "archived": false, "no_follow": true, "is_crosspostable": true, "pinned": false, "over_18": false, "all_awardings": [], "awarders": [], "media_only": false, "can_gild": false, "spoiler": false, "locked": false, "author_flair_text": null, "treatment_tags": [], "visited": false, "removed_by": null, "num_reports": null, "distinguished": null, "subreddit_id": "t5_2rsnl", "author_is_blocked": false, "mod_reason_by": null, "removal_reason": null, "link_flair_background_color": "", "id": "17q5t69", "is_robot_indexable": true, "report_reasons": null, "author": "No_Regular3962", "discussion_type": null, "num_comments": 0, "send_replies": true, "whitelist_status": "all_ads", "contest_mode": false, "mod_reports": [], "author_patreon_flair": false, "author_flair_text_color": null, "permalink": "/r/Concordia/comments/17q5t69/parttime_internships/", "parent_whitelist_status": "all_ads", "stickied": false, "url": "https://www.reddit.com/r/Concordia/comments/17q5t69/parttime_internships/", "subreddit_subscribers": 35608, "created_utc": 1699394472.0, "num_crossposts": 0, "media": null, "is_video": false}}, {"kind": "t3", "data": {"approved_at_utc": null, "subreddit": "Concordia", "selftext": "Hello, I applied for mature student entry for the Winter 2024 semester for Bachelor of Software engineering and Bachelor of Computer engineering as 2nd choice, I did meet the requirements (2 years without school since 21 years old, high school diploma), provided my CV and a letter of intent.\n\nMy rejection letter specifies that I am deemed not prepared enough academically to be admitted into these programs\n\nJust want to know if anyone has been in a similar position and can provide guidance?", "author_fullname": "t2_a1vrpgz9", "saved": false, "mod_reason_title": null, "gilded": 0, "clicked": false, "title": "Rejected as mature student for Fall 2024", "link_flair_richtext": [], "subreddit_name_prefixed": "r/Concordia", "hidden": false, "pwls": 6, "link_flair_css_class": null, "downs": 0, "top_awarded_type": null, "hide_score": true, "name": "t3_17q4l6k", "quarantine": false, "link_flair_text_color": "dark", "upvote_ratio": 1.0, "author_flair_background_color": null, "subreddit_type": "public", "ups": 3, "total_awards_received": 0, "media_embed": {}, "author_flair_template_id": null, "is_original_content": false, "user_reports": [], "secure_media": null, "is_reddit_media_domain": false, "is_meta": false, "category": null, "secure_media_embed": {}, "link_flair_text": null, "can_mod_post": false, "score": 3, "approved_by": null, "is_created_from_ads_ui": false, "author_premium": false, "thumbnail": "", "edited": false, "author_flair_css_class": null, "author_flair_richtext": [], "gildings": {}, "content_categories": null, "is_self": true, "mod_note": null, "created": 1699391439.0, "link_flair_type": "text", "wls": 6, "removed_by_category": null, "banned_by": null, "author_flair_type": "text", "domain": "self.Concordia", "allow_live_comments": false, "selftext_html": "&lt;!-- SC_OFF --&gt;&lt;div class=\"md\"&gt;&lt;p&gt;Hello, I applied for mature student entry for the Winter 2024 semester for Bachelor of Software engineering and Bachelor of Computer engineering as 2nd choice, I did meet the requirements (2 years without school since 21 years old, high school diploma), provided my CV and a letter of intent.&lt;/p&gt;\n\n&lt;p&gt;My rejection letter specifies that I am deemed not prepared enough academically to be admitted into these programs&lt;/p&gt;\n\n&lt;p&gt;Just want to know if anyone has been in a similar position and can provide guidance?&lt;/p&gt;\n&lt;/div&gt;&lt;!-- SC_ON --&gt;", "likes": null, "suggested_sort": null, "banned_at_utc": null, "view_count": null, "archived": false, "no_follow": false, "is_crosspostable": true, "pinned": false, "over_18": false, "all_awardings": [], "awarders": [], "media_only": false, "can_gild": false, "spoiler": false, "locked": false, "author_flair_text": null, "treatment_tags": [], "visited": false, "removed_by": null, "num_reports": null, "distinguished": null, "subreddit_id": "t5_2rsnl", "author_is_blocked": false, "mod_reason_by": null, "removal_reason": null, "link_flair_background_color": "", "id": "17q4l6k", "is_robot_indexable": true, "report_reasons": null, "author": "timmyturner004", "discussion_type": null, "num_comments": 2, "send_replies": true, "whitelist_status": "all_ads", "contest_mode": false, "mod_reports": [], "author_patreon_flair": false, "author_flair_text_color": null, "permalink": "/r/Concordia/comments/17q4l6k/rejected_as_mature_student_for_fall_2024/", "parent_whitelist_status": "all_ads", "stickied": false, "url": "https://www.reddit.com/r/Concordia/comments/17q4l6k/rejected_as_mature_student_for_fall_2024/", "subreddit_subscribers": 35608, "created_utc": 1699391439.0, "num_crossposts": 0, "media": null, "is_video": false}}, {"kind": "t3", "data": {"approved_at_utc": null, "subreddit": "Concordia", "selftext": "You walk in to a reading room and look around at people quietly studying away and decide  \n\n\n\"YES, this is the place to have an entire conversation.\"  \n\n\nPlease help me understand this.  ", "author_fullname": "t2_7crsiawq", "saved": false, "mod_reason_title": null, "gilded": 0, "clicked": false, "title": "Reading Rooms: Help me understand something.", "link_flair_richtext": [], "subreddit_name_prefixed": "r/Concordia", "hidden": false, "pwls": 6, "link_flair_css_class": null, "downs": 0, "top_awarded_type": null, "hide_score": true, "name": "t3_17q4kfc", "quarantine": false, "link_flair_text_color": "dark", "upvote_ratio": 0.84, "author_flair_background_color": null, "subreddit_type": "public", "ups": 4, "total_awards_received": 0, "media_embed": {}, "author_flair_template_id": null, "is_original_content": false, "user_reports": [], "secure_media": null, "is_reddit_media_domain": false, "is_meta": false, "category": null, "secure_media_embed": {}, "link_flair_text": null, "can_mod_post": false, "score": 4, "approved_by": null, "is_created_from_ads_ui": false, "author_premium": false, "thumbnail": "", "edited": false, "author_flair_css_class": null, "author_flair_richtext": [], "gildings": {}, "content_categories": null, "is_self": true, "mod_note": null, "created": 1699391393.0, "link_flair_type": "text", "wls": 6, "removed_by_category": null, "banned_by": null, "author_flair_type": "text", "domain": "self.Concordia", "allow_live_comments": false, "selftext_html": "&lt;!-- SC_OFF --&gt;&lt;div class=\"md\"&gt;&lt;p&gt;You walk in to a reading room and look around at people quietly studying away and decide  &lt;/p&gt;\n\n&lt;p&gt;&amp;quot;YES, this is the place to have an entire conversation.&amp;quot;  &lt;/p&gt;\n\n&lt;p&gt;Please help me understand this.  &lt;/p&gt;\n&lt;/div&gt;&lt;!-- SC_ON --&gt;", "likes": null, "suggested_sort": null, "banned_at_utc": null, "view_count": null, "archived": false, "no_follow": false, "is_crosspostable": true, "pinned": false, "over_18": false, "all_awardings": [], "awarders": [], "media_only": false, "can_gild": false, "spoiler": false, "locked": false, "author_flair_text": null, "treatment_tags": [], "visited": false, "removed_by": null, "num_reports": null, "distinguished": null, "subreddit_id": "t5_2rsnl", "author_is_blocked": false, "mod_reason_by": null, "removal_reason": null, "link_flair_background_color": "", "id": "17q4kfc", "is_robot_indexable": true, "report_reasons": null, "author": "EastCoastGing", "discussion_type": null, "num_comments": 2, "send_replies": true, "whitelist_status": "all_ads", "contest_mode": false, "mod_reports": [], "author_patreon_flair": false, "author_flair_text_color": null, "permalink": "/r/Concordia/comments/17q4kfc/reading_rooms_help_me_understand_something/", "parent_whitelist_status": "all_ads", "stickied": false, "url": "https://www.reddit.com/r/Concordia/comments/17q4kfc/reading_rooms_help_me_understand_something/", "subreddit_subscribers": 35608, "created_utc": 1699391393.0, "num_crossposts": 0, "media": null, "is_video": false}}, {"kind": "t3", "data": {"approved_at_utc": null, "subreddit": "Concordia", "selftext": "I start in January and have never been particularly good at math. Is the math difficult? Should I start reviewing old concepts? \n\n heard you have to take a lot of math courses and whatnot.", "author_fullname": "t2_quj7ghfb", "saved": false, "mod_reason_title": null, "gilded": 0, "clicked": false, "title": "How math-heavy is commerce at JM?", "link_flair_richtext": [], "subreddit_name_prefixed": "r/Concordia", "hidden": false, "pwls": 6, "link_flair_css_class": "", "downs": 0, "top_awarded_type": null, "hide_score": false, "name": "t3_17q3i9u", "quarantine": false, "link_flair_text_color": "light", "upvote_ratio": 1.0, "author_flair_background_color": null, "subreddit_type": "public", "ups": 2, "total_awards_received": 0, "media_embed": {}, "author_flair_template_id": null, "is_original_content": false, "user_reports": [], "secure_media": null, "is_reddit_media_domain": false, "is_meta": false, "category": null, "secure_media_embed": {}, "link_flair_text": "Future Student", "can_mod_post": false, "score": 2, "approved_by": null, "is_created_from_ads_ui": false, "author_premium": false, "thumbnail": "", "edited": false, "author_flair_css_class": null, "author_flair_richtext": [], "gildings": {}, "content_categories": null, "is_self": true, "mod_note": null, "created": 1699388650.0, "link_flair_type": "text", "wls": 6, "removed_by_category": null, "banned_by": null, "author_flair_type": "text", "domain": "self.Concordia", "allow_live_comments": false, "selftext_html": "&lt;!-- SC_OFF --&gt;&lt;div class=\"md\"&gt;&lt;p&gt;I start in January and have never been particularly good at math. Is the math difficult? Should I start reviewing old concepts? &lt;/p&gt;\n\n&lt;p&gt;heard you have to take a lot of math courses and whatnot.&lt;/p&gt;\n&lt;/div&gt;&lt;!-- SC_ON --&gt;", "likes": null, "suggested_sort": null, "banned_at_utc": null, "view_count": null, "archived": false, "no_follow": false, "is_crosspostable": true, "pinned": false, "over_18": false, "all_awardings": [], "awarders": [], "media_only": false, "link_flair_template_id": "2e7e9a2a-6de3-11eb-9bf8-0e4ac051def9", "can_gild": false, "spoiler": false, "locked": false, "author_flair_text": null, "treatment_tags": [], "visited": false, "removed_by": null, "num_reports": null, "distinguished": null, "subreddit_id": "t5_2rsnl", "author_is_blocked": false, "mod_reason_by": null, "removal_reason": null, "link_flair_background_color": "#349e48", "id": "17q3i9u", "is_robot_indexable": true, "report_reasons": null, "author": "Dolphinfucker3000", "discussion_type": null, "num_comments": 5, "send_replies": true, "whitelist_status": "all_ads", "contest_mode": false, "mod_reports": [], "author_patreon_flair": false, "author_flair_text_color": null, "permalink": "/r/Concordia/comments/17q3i9u/how_mathheavy_is_commerce_at_jm/", "parent_whitelist_status": "all_ads", "stickied": false, "url": "https://www.reddit.com/r/Concordia/comments/17q3i9u/how_mathheavy_is_commerce_at_jm/", "subreddit_subscribers": 35608, "created_utc": 1699388650.0, "num_crossposts": 0, "media": null, "is_video": false}}, {"kind": "t3", "data": {"approved_at_utc": null, "subreddit": "Concordia", "selftext": "", "author_fullname": "t2_bv6hl3b5", "saved": false, "mod_reason_title": null, "gilded": 0, "clicked": false, "title": "How can I get access to FactSet as a concordia finance student?", "link_flair_richtext": [], "subreddit_name_prefixed": "r/Concordia", "hidden": false, "pwls": 6, "link_flair_css_class": "", "downs": 0, "top_awarded_type": null, "hide_score": false, "name": "t3_17q1dbg", "quarantine": false, "link_flair_text_color": "light", "upvote_ratio": 1.0, "author_flair_background_color": null, "subreddit_type": "public", "ups": 1, "total_awards_received": 0, "media_embed": {}, "author_flair_template_id": null, "is_original_content": false, "user_reports": [], "secure_media": null, "is_reddit_media_domain": false, "is_meta": false, "category": null, "secure_media_embed": {}, "link_flair_text": "Student Question", "can_mod_post": false, "score": 1, "approved_by": null, "is_created_from_ads_ui": false, "author_premium": false, "thumbnail": "", "edited": false, "author_flair_css_class": null, "author_flair_richtext": [], "gildings": {}, "content_categories": null, "is_self": true, "mod_note": null, "created": 1699383035.0, "link_flair_type": "text", "wls": 6, "removed_by_category": null, "banned_by": null, "author_flair_type": "text", "domain": "self.Concordia", "allow_live_comments": false, "selftext_html": null, "likes": null, "suggested_sort": null, "banned_at_utc": null, "view_count": null, "archived": false, "no_follow": true, "is_crosspostable": true, "pinned": false, "over_18": false, "all_awardings": [], "awarders": [], "media_only": false, "link_flair_template_id": "ef29b900-142e-11e9-8d9c-0e6cb422ca66", "can_gild": false, "spoiler": false, "locked": false, "author_flair_text": null, "treatment_tags": [], "visited": false, "removed_by": null, "num_reports": null, "distinguished": null, "subreddit_id": "t5_2rsnl", "author_is_blocked": false, "mod_reason_by": null, "removal_reason": null, "link_flair_background_color": "#73ad34", "id": "17q1dbg", "is_robot_indexable": true, "report_reasons": null, "author": "Zealousideal-Knee721", "discussion_type": null, "num_comments": 0, "send_replies": true, "whitelist_status": "all_ads", "contest_mode": false, "mod_reports": [], "author_patreon_flair": false, "author_flair_text_color": null, "permalink": "/r/Concordia/comments/17q1dbg/how_can_i_get_access_to_factset_as_a_concordia/", "parent_whitelist_status": "all_ads", "stickied": false, "url": "https://www.reddit.com/r/Concordia/comments/17q1dbg/how_can_i_get_access_to_factset_as_a_concordia/", "subreddit_subscribers": 35608, "created_utc": 1699383035.0, "num_crossposts": 0, "media": null, "is_video": false}}, {"kind": "t3", "data": {"approved_at_utc": null, "subreddit": "Concordia", "selftext": "I want to travel 3 weeks this summer, but I need to be full time for my Coop program. How can I do that?", "author_fullname": "t2_tvy5xrks", "saved": false, "mod_reason_title": null, "gilded": 0, "clicked": false, "title": "How much credit to be full time during summer?", "link_flair_richtext": [], "subreddit_name_prefixed": "r/Concordia", "hidden": false, "pwls": 6, "link_flair_css_class": null, "downs": 0, "top_awarded_type": null, "hide_score": false, "name": "t3_17q0y4b", "quarantine": false, "link_flair_text_color": "dark", "upvote_ratio": 0.67, "author_flair_background_color": null, "subreddit_type": "public", "ups": 1, "total_awards_received": 0, "media_embed": {}, "author_flair_template_id": null, "is_original_content": false, "user_reports": [], "secure_media": null, "is_reddit_media_domain": false, "is_meta": false, "category": null, "secure_media_embed": {}, "link_flair_text": null, "can_mod_post": false, "score": 1, "approved_by": null, "is_created_from_ads_ui": false, "author_premium": false, "thumbnail": "", "edited": false, "author_flair_css_class": null, "author_flair_richtext": [], "gildings": {}, "content_categories": null, "is_self": true, "mod_note": null, "created": 1699381952.0, "link_flair_type": "text", "wls": 6, "removed_by_category": null, "banned_by": null, "author_flair_type": "text", "domain": "self.Concordia", "allow_live_comments": false, "selftext_html": "&lt;!-- SC_OFF --&gt;&lt;div class=\"md\"&gt;&lt;p&gt;I want to travel 3 weeks this summer, but I need to be full time for my Coop program. How can I do that?&lt;/p&gt;\n&lt;/div&gt;&lt;!-- SC_ON --&gt;", "likes": null, "suggested_sort": null, "banned_at_utc": null, "view_count": null, "archived": false, "no_follow": true, "is_crosspostable": true, "pinned": false, "over_18": false, "all_awardings": [], "awarders": [], "media_only": false, "can_gild": false, "spoiler": false, "locked": false, "author_flair_text": null, "treatment_tags": [], "visited": false, "removed_by": null, "num_reports": null, "distinguished": null, "subreddit_id": "t5_2rsnl", "author_is_blocked": false, "mod_reason_by": null, "removal_reason": null, "link_flair_background_color": "", "id": "17q0y4b", "is_robot_indexable": true, "report_reasons": null, "author": "Specialist_Dog5663", "discussion_type": null, "num_comments": 12, "send_replies": true, "whitelist_status": "all_ads", "contest_mode": false, "mod_reports": [], "author_patreon_flair": false, "author_flair_text_color": null, "permalink": "/r/Concordia/comments/17q0y4b/how_much_credit_to_be_full_time_during_summer/", "parent_whitelist_status": "all_ads", "stickied": false, "url": "https://www.reddit.com/r/Concordia/comments/17q0y4b/how_much_credit_to_be_full_time_during_summer/", "subreddit_subscribers": 35608, "created_utc": 1699381952.0, "num_crossposts": 0, "media": null, "is_video": false}}, {"kind": "t3", "data": {"approved_at_utc": null, "subreddit": "Concordia", "selftext": "I applied for the attestation around 3rd of October and the status has been \u201cdepos\u00e9\u201d since even though it has been more than 25 working days or a month. I am worried that I am not going to make it on time for the winter semester. Is it safe to call them to check on the progress knowing that they prohibit calling them to get priority treatment or to confirm the reception of the documents", "author_fullname": "t2_a6bsiub0", "saved": false, "mod_reason_title": null, "gilded": 0, "clicked": false, "title": "CAQ Taking more than 25 working days", "link_flair_richtext": [], "subreddit_name_prefixed": "r/Concordia", "hidden": false, "pwls": 6, "link_flair_css_class": "", "downs": 0, "top_awarded_type": null, "hide_score": false, "name": "t3_17q0iyj", "quarantine": false, "link_flair_text_color": "light", "upvote_ratio": 1.0, "author_flair_background_color": "#646d73", "subreddit_type": "public", "ups": 1, "total_awards_received": 0, "media_embed": {}, "author_flair_template_id": "66994a22-ccaf-11e3-ba7c-12313b0ce03c", "is_original_content": false, "user_reports": [], "secure_media": null, "is_reddit_media_domain": false, "is_meta": false, "category": null, "secure_media_embed": {}, "link_flair_text": "Future Student", "can_mod_post": false, "score": 1, "approved_by": null, "is_created_from_ads_ui": false, "author_premium": false, "thumbnail": "", "edited": false, "author_flair_css_class": null, "author_flair_richtext": [], "gildings": {}, "content_categories": null, "is_self": true, "mod_note": null, "created": 1699380838.0, "link_flair_type": "text", "wls": 6, "removed_by_category": null, "banned_by": null, "author_flair_type": "text", "domain": "self.Concordia", "allow_live_comments": false, "selftext_html": "&lt;!-- SC_OFF --&gt;&lt;div class=\"md\"&gt;&lt;p&gt;I applied for the attestation around 3rd of October and the status has been \u201cdepos\u00e9\u201d since even though it has been more than 25 working days or a month. I am worried that I am not going to make it on time for the winter semester. Is it safe to call them to check on the progress knowing that they prohibit calling them to get priority treatment or to confirm the reception of the documents&lt;/p&gt;\n&lt;/div&gt;&lt;!-- SC_ON --&gt;", "likes": null, "suggested_sort": null, "banned_at_utc": null, "view_count": null, "archived": false, "no_follow": true, "is_crosspostable": true, "pinned": false, "over_18": false, "all_awardings": [], "awarders": [], "media_only": false, "link_flair_template_id": "2e7e9a2a-6de3-11eb-9bf8-0e4ac051def9", "can_gild": false, "spoiler": false, "locked": false, "author_flair_text": "Computer Science", "treatment_tags": [], "visited": false, "removed_by": null, "num_reports": null, "distinguished": null, "subreddit_id": "t5_2rsnl", "author_is_blocked": false, "mod_reason_by": null, "removal_reason": null, "link_flair_background_color": "#349e48", "id": "17q0iyj", "is_robot_indexable": true, "report_reasons": null, "author": "ChanceStrength3319", "discussion_type": null, "num_comments": 0, "send_replies": true, "whitelist_status": "all_ads", "contest_mode": false, "mod_reports": [], "author_patreon_flair": false, "author_flair_text_color": "light", "permalink": "/r/Concordia/comments/17q0iyj/caq_taking_more_than_25_working_days/", "parent_whitelist_status": "all_ads", "stickied": false, "url": "https://www.reddit.com/r/Concordia/comments/17q0iyj/caq_taking_more_than_25_working_days/", "subreddit_subscribers": 35608, "created_utc": 1699380838.0, "num_crossposts": 0, "media": null, "is_video": false}}, {"kind": "t3", "data": {"approved_at_utc": null, "subreddit": "Concordia", "selftext": "Hey Concordians. I need your wisdom and best advices.\n\nI am currently taking Bcomm in Marketing but I want to switch to Communications. Any tips? Initially communications was my first choice, but I ended up changing to Marketing, unfortunately. \n\nOne of the reasons why I am changing is because there\u2019s way too much math in the BComm program and I hate math. I was feeling so overwhelmed, that I dropped MATH 208 and I kept MACROECONOMICS, which the professor makes me hate the subject even more. I did terribly in the first midterms even studying and reading the books.\n\nThe main reason why I need to change is because I love everything they offer in their program.\n\nThanks", "author_fullname": "t2_7auil627", "saved": false, "mod_reason_title": null, "gilded": 0, "clicked": false, "title": "How hard is it to switch programs?", "link_flair_richtext": [], "subreddit_name_prefixed": "r/Concordia", "hidden": false, "pwls": 6, "link_flair_css_class": null, "downs": 0, "top_awarded_type": null, "hide_score": false, "name": "t3_17pz4p9", "quarantine": false, "link_flair_text_color": "dark", "upvote_ratio": 1.0, "author_flair_background_color": null, "subreddit_type": "public", "ups": 6, "total_awards_received": 0, "media_embed": {}, "author_flair_template_id": null, "is_original_content": false, "user_reports": [], "secure_media": null, "is_reddit_media_domain": false, "is_meta": false, "category": null, "secure_media_embed": {}, "link_flair_text": null, "can_mod_post": false, "score": 6, "approved_by": null, "is_created_from_ads_ui": false, "author_premium": false, "thumbnail": "", "edited": false, "author_flair_css_class": null, "author_flair_richtext": [], "gildings": {}, "content_categories": null, "is_self": true, "mod_note": null, "created": 1699377165.0, "link_flair_type": "text", "wls": 6, "removed_by_category": null, "banned_by": null, "author_flair_type": "text", "domain": "self.Concordia", "allow_live_comments": false, "selftext_html": "&lt;!-- SC_OFF --&gt;&lt;div class=\"md\"&gt;&lt;p&gt;Hey Concordians. I need your wisdom and best advices.&lt;/p&gt;\n\n&lt;p&gt;I am currently taking Bcomm in Marketing but I want to switch to Communications. Any tips? Initially communications was my first choice, but I ended up changing to Marketing, unfortunately. &lt;/p&gt;\n\n&lt;p&gt;One of the reasons why I am changing is because there\u2019s way too much math in the BComm program and I hate math. I was feeling so overwhelmed, that I dropped MATH 208 and I kept MACROECONOMICS, which the professor makes me hate the subject even more. I did terribly in the first midterms even studying and reading the books.&lt;/p&gt;\n\n&lt;p&gt;The main reason why I need to change is because I love everything they offer in their program.&lt;/p&gt;\n\n&lt;p&gt;Thanks&lt;/p&gt;\n&lt;/div&gt;&lt;!-- SC_ON --&gt;", "likes": null, "suggested_sort": null, "banned_at_utc": null, "view_count": null, "archived": false, "no_follow": false, "is_crosspostable": true, "pinned": false, "over_18": false, "all_awardings": [], "awarders": [], "media_only": false, "can_gild": false, "spoiler": false, "locked": false, "author_flair_text": null, "treatment_tags": [], "visited": false, "removed_by": null, "num_reports": null, "distinguished": null, "subreddit_id": "t5_2rsnl", "author_is_blocked": false, "mod_reason_by": null, "removal_reason": null, "link_flair_background_color": "", "id": "17pz4p9", "is_robot_indexable": true, "report_reasons": null, "author": "WerewolfWest4844", "discussion_type": null, "num_comments": 7, "send_replies": true, "whitelist_status": "all_ads", "contest_mode": false, "mod_reports": [], "author_patreon_flair": false, "author_flair_text_color": null, "permalink": "/r/Concordia/comments/17pz4p9/how_hard_is_it_to_switch_programs/", "parent_whitelist_status": "all_ads", "stickied": false, "url": "https://www.reddit.com/r/Concordia/comments/17pz4p9/how_hard_is_it_to_switch_programs/", "subreddit_subscribers": 35608, "created_utc": 1699377165.0, "num_crossposts": 0, "media": null, "is_video": false}}, {"kind": "t3", "data": {"approved_at_utc": null, "subreddit": "Concordia", "selftext": "CSU wants to more than double per-credit fees for almost all their programs and clubs. With the politics and non-student interests becoming a priority for many clubs and services, I urge everyone to vote NO on the CSU by-election online. It\u2019s time for better management of funds, not more funds. Especially with many students needing to spend more on tuition already with upcoming government tuition hikes expected for next Fall.", "author_fullname": "t2_pzmb5bnf", "saved": false, "mod_reason_title": null, "gilded": 0, "clicked": false, "title": "Vote \u201cNO\u201d for CSU Fee increases", "link_flair_richtext": [], "subreddit_name_prefixed": "r/Concordia", "hidden": false, "pwls": 6, "link_flair_css_class": null, "downs": 0, "top_awarded_type": null, "hide_score": false, "name": "t3_17pymw4", "quarantine": false, "link_flair_text_color": "dark", "upvote_ratio": 0.66, "author_flair_background_color": null, "subreddit_type": "public", "ups": 16, "total_awards_received": 0, "media_embed": {}, "author_flair_template_id": null, "is_original_content": false, "user_reports": [], "secure_media": null, "is_reddit_media_domain": true, "is_meta": false, "category": null, "secure_media_embed": {}, "link_flair_text": null, "can_mod_post": false, "score": 16, "approved_by": null, "is_created_from_ads_ui": false, "author_premium": false, "thumbnail": "", "edited": false, "author_flair_css_class": null, "author_flair_richtext": [], "gildings": {}, "content_categories": null, "is_self": false, "mod_note": null, "created": 1699375877.0, "link_flair_type": "text", "wls": 6, "removed_by_category": null, "banned_by": null, "author_flair_type": "text", "domain": "i.redd.it", "allow_live_comments": false, "selftext_html": "&lt;!-- SC_OFF --&gt;&lt;div class=\"md\"&gt;&lt;p&gt;CSU wants to more than double per-credit fees for almost all their programs and clubs. With the politics and non-student interests becoming a priority for many clubs and services, I urge everyone to vote NO on the CSU by-election online. It\u2019s time for better management of funds, not more funds. Especially with many students needing to spend more on tuition already with upcoming government tuition hikes expected for next Fall.&lt;/p&gt;\n&lt;/div&gt;&lt;!-- SC_ON --&gt;", "likes": null, "suggested_sort": null, "banned_at_utc": null, "url_overridden_by_dest": "https://i.redd.it/sbutbqwygyyb1.jpg", "view_count": null, "archived": false, "no_follow": false, "is_crosspostable": true, "pinned": false, "over_18": false, "all_awardings": [], "awarders": [], "media_only": false, "can_gild": false, "spoiler": false, "locked": false, "author_flair_text": null, "treatment_tags": [], "visited": false, "removed_by": null, "num_reports": null, "distinguished": null, "subreddit_id": "t5_2rsnl", "author_is_blocked": false, "mod_reason_by": null, "removal_reason": null, "link_flair_background_color": "", "id": "17pymw4", "is_robot_indexable": true, "report_reasons": null, "author": "BeingFurryConcordia", "discussion_type": null, "num_comments": 10, "send_replies": true, "whitelist_status": "all_ads", "contest_mode": false, "mod_reports": [], "author_patreon_flair": false, "author_flair_text_color": null, "permalink": "/r/Concordia/comments/17pymw4/vote_no_for_csu_fee_increases/", "parent_whitelist_status": "all_ads", "stickied": false, "url": "https://i.redd.it/sbutbqwygyyb1.jpg", "subreddit_subscribers": 35608, "created_utc": 1699375877.0, "num_crossposts": 0, "media": null, "is_video": false}}, {"kind": "t3", "data": {"approved_at_utc": null, "subreddit": "Concordia", "selftext": "So I really wanna play badminton (or volleyball) not as a pro but for fun and to learn. I was looking through the concordia app and then I saw that they have this recreation badminton. Are any of yall there in this, could you please tell me more about it? What does the green color mean? Can any student come to play for fun or to get better?", "author_fullname": "t2_decj08l4", "saved": false, "mod_reason_title": null, "gilded": 0, "clicked": false, "title": "Recreation facilities", "link_flair_richtext": [], "subreddit_name_prefixed": "r/Concordia", "hidden": false, "pwls": 6, "link_flair_css_class": null, "downs": 0, "top_awarded_type": null, "hide_score": false, "name": "t3_17pyjmz", "quarantine": false, "link_flair_text_color": "dark", "upvote_ratio": 1.0, "author_flair_background_color": null, "subreddit_type": "public", "ups": 3, "total_awards_received": 0, "media_embed": {}, "author_flair_template_id": null, "is_original_content": false, "user_reports": [], "secure_media": null, "is_reddit_media_domain": true, "is_meta": false, "category": null, "secure_media_embed": {}, "link_flair_text": null, "can_mod_post": false, "score": 3, "approved_by": null, "is_created_from_ads_ui": false, "author_premium": false, "thumbnail": "", "edited": false, "author_flair_css_class": null, "author_flair_richtext": [], "gildings": {}, "content_categories": null, "is_self": false, "mod_note": null, "created": 1699375636.0, "link_flair_type": "text", "wls": 6, "removed_by_category": null, "banned_by": null, "author_flair_type": "text", "domain": "i.redd.it", "allow_live_comments": false, "selftext_html": "&lt;!-- SC_OFF --&gt;&lt;div class=\"md\"&gt;&lt;p&gt;So I really wanna play badminton (or volleyball) not as a pro but for fun and to learn. I was looking through the concordia app and then I saw that they have this recreation badminton. Are any of yall there in this, could you please tell me more about it? What does the green color mean? Can any student come to play for fun or to get better?&lt;/p&gt;\n&lt;/div&gt;&lt;!-- SC_ON --&gt;", "likes": null, "suggested_sort": null, "banned_at_utc": null, "url_overridden_by_dest": "https://i.redd.it/55o55q79gyyb1.jpg", "view_count": null, "archived": false, "no_follow": false, "is_crosspostable": true, "pinned": false, "over_18": false, "all_awardings": [], "awarders": [], "media_only": false, "can_gild": false, "spoiler": false, "locked": false, "author_flair_text": null, "treatment_tags": [], "visited": false, "removed_by": null, "num_reports": null, "distinguished": null, "subreddit_id": "t5_2rsnl", "author_is_blocked": false, "mod_reason_by": null, "removal_reason": null, "link_flair_background_color": "", "id": "17pyjmz", "is_robot_indexable": true, "report_reasons": null, "author": "Benito_Benny", "discussion_type": null, "num_comments": 0, "send_replies": true, "whitelist_status": "all_ads", "contest_mode": false, "mod_reports": [], "author_patreon_flair": false, "author_flair_text_color": null, "permalink": "/r/Concordia/comments/17pyjmz/recreation_facilities/", "parent_whitelist_status": "all_ads", "stickied": false, "url": "https://i.redd.it/55o55q79gyyb1.jpg", "subreddit_subscribers": 35608, "created_utc": 1699375636.0, "num_crossposts": 0, "media": null, "is_video": false}}, {"kind": "t3", "data": {"approved_at_utc": null, "subreddit": "Concordia", "selftext": "", "author_fullname": "t2_6p2d8i8d", "saved": false, "mod_reason_title": null, "gilded": 0, "clicked": false, "title": "Quebec rejects offer to not raise tuition for McGill, Concordia students | CTV News", "link_flair_richtext": [], "subreddit_name_prefixed": "r/Concordia", "hidden": false, "pwls": 6, "link_flair_css_class": null, "downs": 0, "top_awarded_type": null, "hide_score": false, "name": "t3_17pua13", "quarantine": false, "link_flair_text_color": "dark", "upvote_ratio": 0.94, "author_flair_background_color": null, "subreddit_type": "public", "ups": 36, "total_awards_received": 0, "media_embed": {}, "author_flair_template_id": null, "is_original_content": false, "user_reports": [], "secure_media": null, "is_reddit_media_domain": false, "is_meta": false, "category": null, "secure_media_embed": {}, "link_flair_text": null, "can_mod_post": false, "score": 36, "approved_by": null, "is_created_from_ads_ui": false, "author_premium": false, "thumbnail": "", "edited": false, "author_flair_css_class": null, "author_flair_richtext": [], "gildings": {}, "content_categories": null, "is_self": false, "mod_note": null, "created": 1699363691.0, "link_flair_type": "text", "wls": 6, "removed_by_category": null, "banned_by": null, "author_flair_type": "text", "domain": "montreal.ctvnews.ca", "allow_live_comments": false, "selftext_html": null, "likes": null, "suggested_sort": null, "banned_at_utc": null, "url_overridden_by_dest": "https://montreal.ctvnews.ca/quebec-english-universities-pitch-more-french-courses-for-students-instead-of-tuition-hikes-1.6632444", "view_count": null, "archived": false, "no_follow": false, "is_crosspostable": true, "pinned": false, "over_18": false, "all_awardings": [], "awarders": [], "media_only": false, "can_gild": false, "spoiler": false, "locked": false, "author_flair_text": null, "treatment_tags": [], "visited": false, "removed_by": null, "num_reports": null, "distinguished": null, "subreddit_id": "t5_2rsnl", "author_is_blocked": false, "mod_reason_by": null, "removal_reason": null, "link_flair_background_color": "", "id": "17pua13", "is_robot_indexable": true, "report_reasons": null, "author": "Informal-Ad-7288", "discussion_type": null, "num_comments": 12, "send_replies": true, "whitelist_status": "all_ads", "contest_mode": false, "mod_reports": [], "author_patreon_flair": false, "author_flair_text_color": null, "permalink": "/r/Concordia/comments/17pua13/quebec_rejects_offer_to_not_raise_tuition_for/", "parent_whitelist_status": "all_ads", "stickied": false, "url": "https://montreal.ctvnews.ca/quebec-english-universities-pitch-more-french-courses-for-students-instead-of-tuition-hikes-1.6632444", "subreddit_subscribers": 35608, "created_utc": 1699363691.0, "num_crossposts": 0, "media": null, "is_video": false}}, {"kind": "t3", "data": {"approved_at_utc": null, "subreddit": "Concordia", "selftext": "Can we talk about how it smelled like absolute shit yesterday in JMSB?!", "author_fullname": "t2_4b3qdcdb", "saved": false, "mod_reason_title": null, "gilded": 0, "clicked": false, "title": "Awful ass smell", "link_flair_richtext": [], "subreddit_name_prefixed": "r/Concordia", "hidden": false, "pwls": 6, "link_flair_css_class": null, "downs": 0, "top_awarded_type": null, "hide_score": false, "name": "t3_17pw1ae", "quarantine": false, "link_flair_text_color": "dark", "upvote_ratio": 1.0, "author_flair_background_color": null, "subreddit_type": "public", "ups": 9, "total_awards_received": 0, "media_embed": {}, "author_flair_template_id": null, "is_original_content": false, "user_reports": [], "secure_media": null, "is_reddit_media_domain": false, "is_meta": false, "category": null, "secure_media_embed": {}, "link_flair_text": null, "can_mod_post": false, "score": 9, "approved_by": null, "is_created_from_ads_ui": false, "author_premium": false, "thumbnail": "", "edited": false, "author_flair_css_class": null, "author_flair_richtext": [], "gildings": {}, "content_categories": null, "is_self": true, "mod_note": null, "created": 1699368837.0, "link_flair_type": "text", "wls": 6, "removed_by_category": null, "banned_by": null, "author_flair_type": "text", "domain": "self.Concordia", "allow_live_comments": false, "selftext_html": "&lt;!-- SC_OFF --&gt;&lt;div class=\"md\"&gt;&lt;p&gt;Can we talk about how it smelled like absolute shit yesterday in JMSB?!&lt;/p&gt;\n&lt;/div&gt;&lt;!-- SC_ON --&gt;", "likes": null, "suggested_sort": null, "banned_at_utc": null, "view_count": null, "archived": false, "no_follow": false, "is_crosspostable": true, "pinned": false, "over_18": false, "all_awardings": [], "awarders": [], "media_only": false, "can_gild": false, "spoiler": false, "locked": false, "author_flair_text": null, "treatment_tags": [], "visited": false, "removed_by": null, "num_reports": null, "distinguished": null, "subreddit_id": "t5_2rsnl", "author_is_blocked": false, "mod_reason_by": null, "removal_reason": null, "link_flair_background_color": "", "id": "17pw1ae", "is_robot_indexable": true, "report_reasons": null, "author": "seeyum", "discussion_type": null, "num_comments": 6, "send_replies": true, "whitelist_status": "all_ads", "contest_mode": false, "mod_reports": [], "author_patreon_flair": false, "author_flair_text_color": null, "permalink": "/r/Concordia/comments/17pw1ae/awful_ass_smell/", "parent_whitelist_status": "all_ads", "stickied": false, "url": "https://www.reddit.com/r/Concordia/comments/17pw1ae/awful_ass_smell/", "subreddit_subscribers": 35608, "created_utc": 1699368837.0, "num_crossposts": 0, "media": null, "is_video": false}}, {"kind": "t3", "data": {"approved_at_utc": null, "subreddit": "Concordia", "selftext": "Hi, i\u2019m an international student in my 2nd year. I consider taking 1 semester off because of mental health concerns. Is it possible? Does it affect my immigration application? \nThank you in advance!", "author_fullname": "t2_min8gwhi", "saved": false, "mod_reason_title": null, "gilded": 0, "clicked": false, "title": "Taking 1 semester off as an international student", "link_flair_richtext": [], "subreddit_name_prefixed": "r/Concordia", "hidden": false, "pwls": 6, "link_flair_css_class": "", "downs": 0, "top_awarded_type": null, "hide_score": false, "name": "t3_17psy6w", "quarantine": false, "link_flair_text_color": "light", "upvote_ratio": 1.0, "author_flair_background_color": null, "subreddit_type": "public", "ups": 1, "total_awards_received": 0, "media_embed": {}, "author_flair_template_id": null, "is_original_content": false, "user_reports": [], "secure_media": null, "is_reddit_media_domain": false, "is_meta": false, "category": null, "secure_media_embed": {}, "link_flair_text": "Student Question", "can_mod_post": false, "score": 1, "approved_by": null, "is_created_from_ads_ui": false, "author_premium": false, "thumbnail": "", "edited": false, "author_flair_css_class": null, "author_flair_richtext": [], "gildings": {}, "content_categories": null, "is_self": true, "mod_note": null, "created": 1699359297.0, "link_flair_type": "text", "wls": 6, "removed_by_category": null, "banned_by": null, "author_flair_type": "text", "domain": "self.Concordia", "allow_live_comments": false, "selftext_html": "&lt;!-- SC_OFF --&gt;&lt;div class=\"md\"&gt;&lt;p&gt;Hi, i\u2019m an international student in my 2nd year. I consider taking 1 semester off because of mental health concerns. Is it possible? Does it affect my immigration application? \nThank you in advance!&lt;/p&gt;\n&lt;/div&gt;&lt;!-- SC_ON --&gt;", "likes": null, "suggested_sort": null, "banned_at_utc": null, "view_count": null, "archived": false, "no_follow": true, "is_crosspostable": true, "pinned": false, "over_18": false, "all_awardings": [], "awarders": [], "media_only": false, "link_flair_template_id": "ef29b900-142e-11e9-8d9c-0e6cb422ca66", "can_gild": false, "spoiler": false, "locked": false, "author_flair_text": null, "treatment_tags": [], "visited": false, "removed_by": null, "num_reports": null, "distinguished": null, "subreddit_id": "t5_2rsnl", "author_is_blocked": false, "mod_reason_by": null, "removal_reason": null, "link_flair_background_color": "#73ad34", "id": "17psy6w", "is_robot_indexable": true, "report_reasons": null, "author": "Whod0uth1nki4m", "discussion_type": null, "num_comments": 5, "send_replies": true, "whitelist_status": "all_ads", "contest_mode": false, "mod_reports": [], "author_patreon_flair": false, "author_flair_text_color": null, "permalink": "/r/Concordia/comments/17psy6w/taking_1_semester_off_as_an_international_student/", "parent_whitelist_status": "all_ads", "stickied": false, "url": "https://www.reddit.com/r/Concordia/comments/17psy6w/taking_1_semester_off_as_an_international_student/", "subreddit_subscribers": 35608, "created_utc": 1699359297.0, "num_crossposts": 0, "media": null, "is_video": false}}, {"kind": "t3", "data": {"approved_at_utc": null, "subreddit": "Concordia", "selftext": "My major is computer engineering, and it will be my second semester. This semester I took, Coen 244, Math 204, Math 205, and Chem 205. Both of the lectures for these classes are at the same Time, so I can only choose one. I'm really not sure which I should go with. The other classes I would take are ENGR 213, COEN 231, and ENGR 202. I guess I'm asking which makes more sense to take first, in terms of working well with my other classes, and creating a good foundation for future classes. THANKS IN ADVANCE!", "author_fullname": "t2_57nl26gv", "saved": false, "mod_reason_title": null, "gilded": 0, "clicked": false, "title": "COEN 212(Digital Systems Design I) or ENGR 233(Applied Advanced Calculus) first?", "link_flair_richtext": [], "subreddit_name_prefixed": "r/Concordia", "hidden": false, "pwls": 6, "link_flair_css_class": null, "downs": 0, "top_awarded_type": null, "hide_score": false, "name": "t3_17poaso", "quarantine": false, "link_flair_text_color": "dark", "upvote_ratio": 1.0, "author_flair_background_color": null, "subreddit_type": "public", "ups": 1, "total_awards_received": 0, "media_embed": {}, "author_flair_template_id": null, "is_original_content": false, "user_reports": [], "secure_media": null, "is_reddit_media_domain": false, "is_meta": false, "category": null, "secure_media_embed": {}, "link_flair_text": null, "can_mod_post": false, "score": 1, "approved_by": null, "is_created_from_ads_ui": false, "author_premium": false, "thumbnail": "", "edited": false, "author_flair_css_class": null, "author_flair_richtext": [], "gildings": {}, "content_categories": null, "is_self": true, "mod_note": null, "created": 1699339056.0, "link_flair_type": "text", "wls": 6, "removed_by_category": null, "banned_by": null, "author_flair_type": "text", "domain": "self.Concordia", "allow_live_comments": false, "selftext_html": "&lt;!-- SC_OFF --&gt;&lt;div class=\"md\"&gt;&lt;p&gt;My major is computer engineering, and it will be my second semester. This semester I took, Coen 244, Math 204, Math 205, and Chem 205. Both of the lectures for these classes are at the same Time, so I can only choose one. I&amp;#39;m really not sure which I should go with. The other classes I would take are ENGR 213, COEN 231, and ENGR 202. I guess I&amp;#39;m asking which makes more sense to take first, in terms of working well with my other classes, and creating a good foundation for future classes. THANKS IN ADVANCE!&lt;/p&gt;\n&lt;/div&gt;&lt;!-- SC_ON --&gt;", "likes": null, "suggested_sort": null, "banned_at_utc": null, "view_count": null, "archived": false, "no_follow": true, "is_crosspostable": true, "pinned": false, "over_18": false, "all_awardings": [], "awarders": [], "media_only": false, "can_gild": false, "spoiler": false, "locked": false, "author_flair_text": null, "treatment_tags": [], "visited": false, "removed_by": null, "num_reports": null, "distinguished": null, "subreddit_id": "t5_2rsnl", "author_is_blocked": false, "mod_reason_by": null, "removal_reason": null, "link_flair_background_color": "", "id": "17poaso", "is_robot_indexable": true, "report_reasons": null, "author": "KeyAd8330", "discussion_type": null, "num_comments": 1, "send_replies": true, "whitelist_status": "all_ads", "contest_mode": false, "mod_reports": [], "author_patreon_flair": false, "author_flair_text_color": null, "permalink": "/r/Concordia/comments/17poaso/coen_212digital_systems_design_i_or_engr/", "parent_whitelist_status": "all_ads", "stickied": false, "url": "https://www.reddit.com/r/Concordia/comments/17poaso/coen_212digital_systems_design_i_or_engr/", "subreddit_subscribers": 35608, "created_utc": 1699339056.0, "num_crossposts": 0, "media": null, "is_video": false}}, {"kind": "t3", "data": {"approved_at_utc": null, "subreddit": "Concordia", "selftext": "Hi. I'm a prospective student and considering to apply either Concordia or Mcgill. My major is mechanical engineering with aerospace engineering specialisation (or at mcgill mech eng w ae minor)\n\nHowever, I am stuck between deciding which one to apply. As an intl student, the application fee combined will be too much, so I decided to only apply to one.\n\nShould I apply to McGill bc I heard it's ae minor program and engineering is well known around the country and very reputable school with good network?\n \nOr should I apply to Concordia for the co op possibility? I haven't seen co op opportunity at McGill and I really want to be in a co op program but the uni is lesser known \n\nPlease advice. tysm", "author_fullname": "t2_5pj0vlph", "saved": false, "mod_reason_title": null, "gilded": 0, "clicked": false, "title": "Mech eng co-op or not?", "link_flair_richtext": [], "subreddit_name_prefixed": "r/Concordia", "hidden": false, "pwls": 6, "link_flair_css_class": null, "downs": 0, "top_awarded_type": null, "hide_score": false, "name": "t3_17po1j2", "quarantine": false, "link_flair_text_color": "dark", "upvote_ratio": 1.0, "author_flair_background_color": null, "subreddit_type": "public", "ups": 1, "total_awards_received": 0, "media_embed": {}, "author_flair_template_id": null, "is_original_content": false, "user_reports": [], "secure_media": null, "is_reddit_media_domain": false, "is_meta": false, "category": null, "secure_media_embed": {}, "link_flair_text": null, "can_mod_post": false, "score": 1, "approved_by": null, "is_created_from_ads_ui": false, "author_premium": false, "thumbnail": "", "edited": false, "author_flair_css_class": null, "author_flair_richtext": [], "gildings": {}, "content_categories": null, "is_self": true, "mod_note": null, "created": 1699337964.0, "link_flair_type": "text", "wls": 6, "removed_by_category": null, "banned_by": null, "author_flair_type": "text", "domain": "self.Concordia", "allow_live_comments": false, "selftext_html": "&lt;!-- SC_OFF --&gt;&lt;div class=\"md\"&gt;&lt;p&gt;Hi. I&amp;#39;m a prospective student and considering to apply either Concordia or Mcgill. My major is mechanical engineering with aerospace engineering specialisation (or at mcgill mech eng w ae minor)&lt;/p&gt;\n\n&lt;p&gt;However, I am stuck between deciding which one to apply. As an intl student, the application fee combined will be too much, so I decided to only apply to one.&lt;/p&gt;\n\n&lt;p&gt;Should I apply to McGill bc I heard it&amp;#39;s ae minor program and engineering is well known around the country and very reputable school with good network?&lt;/p&gt;\n\n&lt;p&gt;Or should I apply to Concordia for the co op possibility? I haven&amp;#39;t seen co op opportunity at McGill and I really want to be in a co op program but the uni is lesser known &lt;/p&gt;\n\n&lt;p&gt;Please advice. tysm&lt;/p&gt;\n&lt;/div&gt;&lt;!-- SC_ON --&gt;", "likes": null, "suggested_sort": null, "banned_at_utc": null, "view_count": null, "archived": false, "no_follow": true, "is_crosspostable": true, "pinned": false, "over_18": false, "all_awardings": [], "awarders": [], "media_only": false, "can_gild": false, "spoiler": false, "locked": false, "author_flair_text": null, "treatment_tags": [], "visited": false, "removed_by": null, "num_reports": null, "distinguished": null, "subreddit_id": "t5_2rsnl", "author_is_blocked": false, "mod_reason_by": null, "removal_reason": null, "link_flair_background_color": "", "id": "17po1j2", "is_robot_indexable": true, "report_reasons": null, "author": "sturmfrey", "discussion_type": null, "num_comments": 2, "send_replies": true, "whitelist_status": "all_ads", "contest_mode": false, "mod_reports": [], "author_patreon_flair": false, "author_flair_text_color": null, "permalink": "/r/Concordia/comments/17po1j2/mech_eng_coop_or_not/", "parent_whitelist_status": "all_ads", "stickied": false, "url": "https://www.reddit.com/r/Concordia/comments/17po1j2/mech_eng_coop_or_not/", "subreddit_subscribers": 35608, "created_utc": 1699337964.0, "num_crossposts": 0, "media": null, "is_video": false}}, {"kind": "t3", "data": {"approved_at_utc": null, "subreddit": "Concordia", "selftext": "I sent 2 attempts to my BTM assignment (it\u2019s the EXACT same one but one as a word doc and one as a pdf). The one as the word doc got on the system in time but the pdf attempt got sent a couple seconds before the limit of 23:59:59. I just sent an email. I\u2019m new here so idk how it works: are they able to see/access to both of my attempts or only the last one? It\u2019s said that if we send smth late we get 0% so I\u2019m very stressed, does anyone know?", "author_fullname": "t2_gu9do7j2k", "saved": false, "mod_reason_title": null, "gilded": 0, "clicked": false, "title": "URGENT: sending online assignment on EConcordia", "link_flair_richtext": [], "subreddit_name_prefixed": "r/Concordia", "hidden": false, "pwls": 6, "link_flair_css_class": null, "downs": 0, "top_awarded_type": null, "hide_score": false, "name": "t3_17pn4zm", "quarantine": false, "link_flair_text_color": "dark", "upvote_ratio": 1.0, "author_flair_background_color": null, "subreddit_type": "public", "ups": 2, "total_awards_received": 0, "media_embed": {}, "author_flair_template_id": null, "is_original_content": false, "user_reports": [], "secure_media": null, "is_reddit_media_domain": false, "is_meta": false, "category": null, "secure_media_embed": {}, "link_flair_text": null, "can_mod_post": false, "score": 2, "approved_by": null, "is_created_from_ads_ui": false, "author_premium": false, "thumbnail": "", "edited": false, "author_flair_css_class": null, "author_flair_richtext": [], "gildings": {}, "content_categories": null, "is_self": true, "mod_note": null, "created": 1699334344.0, "link_flair_type": "text", "wls": 6, "removed_by_category": null, "banned_by": null, "author_flair_type": "text", "domain": "self.Concordia", "allow_live_comments": false, "selftext_html": "&lt;!-- SC_OFF --&gt;&lt;div class=\"md\"&gt;&lt;p&gt;I sent 2 attempts to my BTM assignment (it\u2019s the EXACT same one but one as a word doc and one as a pdf). The one as the word doc got on the system in time but the pdf attempt got sent a couple seconds before the limit of 23:59:59. I just sent an email. I\u2019m new here so idk how it works: are they able to see/access to both of my attempts or only the last one? It\u2019s said that if we send smth late we get 0% so I\u2019m very stressed, does anyone know?&lt;/p&gt;\n&lt;/div&gt;&lt;!-- SC_ON --&gt;", "likes": null, "suggested_sort": null, "banned_at_utc": null, "view_count": null, "archived": false, "no_follow": false, "is_crosspostable": true, "pinned": false, "over_18": false, "all_awardings": [], "awarders": [], "media_only": false, "can_gild": false, "spoiler": false, "locked": false, "author_flair_text": null, "treatment_tags": [], "visited": false, "removed_by": null, "num_reports": null, "distinguished": null, "subreddit_id": "t5_2rsnl", "author_is_blocked": false, "mod_reason_by": null, "removal_reason": null, "link_flair_background_color": "", "id": "17pn4zm", "is_robot_indexable": true, "report_reasons": null, "author": "Idkwhattochoose72", "discussion_type": null, "num_comments": 1, "send_replies": true, "whitelist_status": "all_ads", "contest_mode": false, "mod_reports": [], "author_patreon_flair": false, "author_flair_text_color": null, "permalink": "/r/Concordia/comments/17pn4zm/urgent_sending_online_assignment_on_econcordia/", "parent_whitelist_status": "all_ads", "stickied": false, "url": "https://www.reddit.com/r/Concordia/comments/17pn4zm/urgent_sending_online_assignment_on_econcordia/", "subreddit_subscribers": 35608, "created_utc": 1699334344.0, "num_crossposts": 0, "media": null, "is_video": false}}, {"kind": "t3", "data": {"approved_at_utc": null, "subreddit": "Concordia", "selftext": "I just recently switched majors and in the process of switching I had selected the co-op option. I got accepted but heard no news of whether I had been admitted into the Co-op program or not so I emailed the co-op department regarding the issue and how i was interested but I still haven\u2019t heard anything and it\u2019s been around 2 months. Any advice?", "author_fullname": "t2_48occ9d4", "saved": false, "mod_reason_title": null, "gilded": 0, "clicked": false, "title": "Co-op", "link_flair_richtext": [], "subreddit_name_prefixed": "r/Concordia", "hidden": false, "pwls": 6, "link_flair_css_class": null, "downs": 0, "top_awarded_type": null, "hide_score": false, "name": "t3_17plqg3", "quarantine": false, "link_flair_text_color": "dark", "upvote_ratio": 1.0, "author_flair_background_color": null, "subreddit_type": "public", "ups": 3, "total_awards_received": 0, "media_embed": {}, "author_flair_template_id": null, "is_original_content": false, "user_reports": [], "secure_media": null, "is_reddit_media_domain": false, "is_meta": false, "category": null, "secure_media_embed": {}, "link_flair_text": null, "can_mod_post": false, "score": 3, "approved_by": null, "is_created_from_ads_ui": false, "author_premium": false, "thumbnail": "", "edited": false, "author_flair_css_class": null, "author_flair_richtext": [], "gildings": {}, "content_categories": null, "is_self": true, "mod_note": null, "created": 1699329182.0, "link_flair_type": "text", "wls": 6, "removed_by_category": null, "banned_by": null, "author_flair_type": "text", "domain": "self.Concordia", "allow_live_comments": false, "selftext_html": "&lt;!-- SC_OFF --&gt;&lt;div class=\"md\"&gt;&lt;p&gt;I just recently switched majors and in the process of switching I had selected the co-op option. I got accepted but heard no news of whether I had been admitted into the Co-op program or not so I emailed the co-op department regarding the issue and how i was interested but I still haven\u2019t heard anything and it\u2019s been around 2 months. Any advice?&lt;/p&gt;\n&lt;/div&gt;&lt;!-- SC_ON --&gt;", "likes": null, "suggested_sort": null, "banned_at_utc": null, "view_count": null, "archived": false, "no_follow": false, "is_crosspostable": true, "pinned": false, "over_18": false, "all_awardings": [], "awarders": [], "media_only": false, "can_gild": false, "spoiler": false, "locked": false, "author_flair_text": null, "treatment_tags": [], "visited": false, "removed_by": null, "num_reports": null, "distinguished": null, "subreddit_id": "t5_2rsnl", "author_is_blocked": false, "mod_reason_by": null, "removal_reason": null, "link_flair_background_color": "", "id": "17plqg3", "is_robot_indexable": true, "report_reasons": null, "author": "Prudent_Leg_3997", "discussion_type": null, "num_comments": 1, "send_replies": true, "whitelist_status": "all_ads", "contest_mode": false, "mod_reports": [], "author_patreon_flair": false, "author_flair_text_color": null, "permalink": "/r/Concordia/comments/17plqg3/coop/", "parent_whitelist_status": "all_ads", "stickied": false, "url": "https://www.reddit.com/r/Concordia/comments/17plqg3/coop/", "subreddit_subscribers": 35608, "created_utc": 1699329182.0, "num_crossposts": 0, "media": null, "is_video": false}}, {"kind": "t3", "data": {"approved_at_utc": null, "subreddit": "Concordia", "selftext": "Has anyone got them back?", "author_fullname": "t2_g15qa48f", "saved": false, "mod_reason_title": null, "gilded": 0, "clicked": false, "title": "Math 208 and 209 grades?", "link_flair_richtext": [], "subreddit_name_prefixed": "r/Concordia", "hidden": false, "pwls": 6, "link_flair_css_class": "", "downs": 0, "top_awarded_type": null, "hide_score": false, "name": "t3_17pln81", "quarantine": false, "link_flair_text_color": "light", "upvote_ratio": 0.5, "author_flair_background_color": null, "subreddit_type": "public", "ups": 0, "total_awards_received": 0, "media_embed": {}, "author_flair_template_id": null, "is_original_content": false, "user_reports": [], "secure_media": null, "is_reddit_media_domain": false, "is_meta": false, "category": null, "secure_media_embed": {}, "link_flair_text": "Class-specific", "can_mod_post": false, "score": 0, "approved_by": null, "is_created_from_ads_ui": false, "author_premium": false, "thumbnail": "", "edited": false, "author_flair_css_class": null, "author_flair_richtext": [], "gildings": {}, "content_categories": null, "is_self": true, "mod_note": null, "created": 1699328869.0, "link_flair_type": "text", "wls": 6, "removed_by_category": null, "banned_by": null, "author_flair_type": "text", "domain": "self.Concordia", "allow_live_comments": false, "selftext_html": "&lt;!-- SC_OFF --&gt;&lt;div class=\"md\"&gt;&lt;p&gt;Has anyone got them back?&lt;/p&gt;\n&lt;/div&gt;&lt;!-- SC_ON --&gt;", "likes": null, "suggested_sort": null, "banned_at_utc": null, "view_count": null, "archived": false, "no_follow": true, "is_crosspostable": true, "pinned": false, "over_18": false, "all_awardings": [], "awarders": [], "media_only": false, "link_flair_template_id": "004fa776-142f-11e9-a21c-0e103080077e", "can_gild": false, "spoiler": false, "locked": false, "author_flair_text": null, "treatment_tags": [], "visited": false, "removed_by": null, "num_reports": null, "distinguished": null, "subreddit_id": "t5_2rsnl", "author_is_blocked": false, "mod_reason_by": null, "removal_reason": null, "link_flair_background_color": "#cc3600", "id": "17pln81", "is_robot_indexable": true, "report_reasons": null, "author": "VM-5", "discussion_type": null, "num_comments": 3, "send_replies": true, "whitelist_status": "all_ads", "contest_mode": false, "mod_reports": [], "author_patreon_flair": false, "author_flair_text_color": null, "permalink": "/r/Concordia/comments/17pln81/math_208_and_209_grades/", "parent_whitelist_status": "all_ads", "stickied": false, "url": "https://www.reddit.com/r/Concordia/comments/17pln81/math_208_and_209_grades/", "subreddit_subscribers": 35608, "created_utc": 1699328869.0, "num_crossposts": 0, "media": null, "is_video": false}}, {"kind": "t3", "data": {"approved_at_utc": null, "subreddit": "Concordia", "selftext": "Failed with 10% midterm and avrg is not high and teacher seems unrelenting ....should i Disc or is there better options here??? im in coop", "author_fullname": "t2_hlan8htt", "saved": false, "mod_reason_title": null, "gilded": 0, "clicked": false, "title": "miae 211", "link_flair_richtext": [], "subreddit_name_prefixed": "r/Concordia", "hidden": false, "pwls": 6, "link_flair_css_class": null, "downs": 0, "top_awarded_type": null, "hide_score": false, "name": "t3_17pjq1m", "quarantine": false, "link_flair_text_color": "dark", "upvote_ratio": 1.0, "author_flair_background_color": null, "subreddit_type": "public", "ups": 2, "total_awards_received": 0, "media_embed": {}, "author_flair_template_id": null, "is_original_content": false, "user_reports": [], "secure_media": null, "is_reddit_media_domain": false, "is_meta": false, "category": null, "secure_media_embed": {}, "link_flair_text": null, "can_mod_post": false, "score": 2, "approved_by": null, "is_created_from_ads_ui": false, "author_premium": false, "thumbnail": "", "edited": false, "author_flair_css_class": null, "author_flair_richtext": [], "gildings": {}, "content_categories": null, "is_self": true, "mod_note": null, "created": 1699322865.0, "link_flair_type": "text", "wls": 6, "removed_by_category": null, "banned_by": null, "author_flair_type": "text", "domain": "self.Concordia", "allow_live_comments": false, "selftext_html": "&lt;!-- SC_OFF --&gt;&lt;div class=\"md\"&gt;&lt;p&gt;Failed with 10% midterm and avrg is not high and teacher seems unrelenting ....should i Disc or is there better options here??? im in coop&lt;/p&gt;\n&lt;/div&gt;&lt;!-- SC_ON --&gt;", "likes": null, "suggested_sort": null, "banned_at_utc": null, "view_count": null, "archived": false, "no_follow": false, "is_crosspostable": true, "pinned": false, "over_18": false, "all_awardings": [], "awarders": [], "media_only": false, "can_gild": false, "spoiler": false, "locked": false, "author_flair_text": null, "treatment_tags": [], "visited": false, "removed_by": null, "num_reports": null, "distinguished": null, "subreddit_id": "t5_2rsnl", "author_is_blocked": false, "mod_reason_by": null, "removal_reason": null, "link_flair_background_color": "", "id": "17pjq1m", "is_robot_indexable": true, "report_reasons": null, "author": "Sad-Ad-4376", "discussion_type": null, "num_comments": 2, "send_replies": true, "whitelist_status": "all_ads", "contest_mode": false, "mod_reports": [], "author_patreon_flair": false, "author_flair_text_color": null, "permalink": "/r/Concordia/comments/17pjq1m/miae_211/", "parent_whitelist_status": "all_ads", "stickied": false, "url": "https://www.reddit.com/r/Concordia/comments/17pjq1m/miae_211/", "subreddit_subscribers": 35608, "created_utc": 1699322865.0, "num_crossposts": 0, "media": null, "is_video": false}}, {"kind": "t3", "data": {"approved_at_utc": null, "subreddit": "Concordia", "selftext": "Hi guys,\n\nI forgot my charger at Loyola Campus - HINGSTON C BUILDING Rm 155 on Halloween last Tuesday night. It's a white iPhone charger and it's the only one I have. I went the next morning back to the room but couldn't find it. I check multiple times with security if someone had dropped it off there but nothing so far. If someone has it could you please return it :) thx", "author_fullname": "t2_gmarc9tt", "saved": false, "mod_reason_title": null, "gilded": 0, "clicked": false, "title": "Lost my iphone charger in Loyola Campus - HINGSTON C BUILDING Rm 155", "link_flair_richtext": [], "subreddit_name_prefixed": "r/Concordia", "hidden": false, "pwls": 6, "link_flair_css_class": null, "downs": 0, "top_awarded_type": null, "hide_score": false, "name": "t3_17pii7m", "quarantine": false, "link_flair_text_color": "dark", "upvote_ratio": 1.0, "author_flair_background_color": null, "subreddit_type": "public", "ups": 2, "total_awards_received": 0, "media_embed": {}, "author_flair_template_id": null, "is_original_content": false, "user_reports": [], "secure_media": null, "is_reddit_media_domain": false, "is_meta": false, "category": null, "secure_media_embed": {}, "link_flair_text": null, "can_mod_post": false, "score": 2, "approved_by": null, "is_created_from_ads_ui": false, "author_premium": false, "thumbnail": "", "edited": 1699322299.0, "author_flair_css_class": null, "author_flair_richtext": [], "gildings": {}, "content_categories": null, "is_self": true, "mod_note": null, "created": 1699319195.0, "link_flair_type": "text", "wls": 6, "removed_by_category": null, "banned_by": null, "author_flair_type": "text", "domain": "self.Concordia", "allow_live_comments": false, "selftext_html": "&lt;!-- SC_OFF --&gt;&lt;div class=\"md\"&gt;&lt;p&gt;Hi guys,&lt;/p&gt;\n\n&lt;p&gt;I forgot my charger at Loyola Campus - HINGSTON C BUILDING Rm 155 on Halloween last Tuesday night. It&amp;#39;s a white iPhone charger and it&amp;#39;s the only one I have. I went the next morning back to the room but couldn&amp;#39;t find it. I check multiple times with security if someone had dropped it off there but nothing so far. If someone has it could you please return it :) thx&lt;/p&gt;\n&lt;/div&gt;&lt;!-- SC_ON --&gt;", "likes": null, "suggested_sort": null, "banned_at_utc": null, "view_count": null, "archived": false, "no_follow": false, "is_crosspostable": true, "pinned": false, "over_18": false, "all_awardings": [], "awarders": [], "media_only": false, "can_gild": false, "spoiler": false, "locked": false, "author_flair_text": null, "treatment_tags": [], "visited": false, "removed_by": null, "num_reports": null, "distinguished": null, "subreddit_id": "t5_2rsnl", "author_is_blocked": false, "mod_reason_by": null, "removal_reason": null, "link_flair_background_color": "", "id": "17pii7m", "is_robot_indexable": true, "report_reasons": null, "author": "Apprehensive-Long216", "discussion_type": null, "num_comments": 0, "send_replies": true, "whitelist_status": "all_ads", "contest_mode": false, "mod_reports": [], "author_patreon_flair": false, "author_flair_text_color": null, "permalink": "/r/Concordia/comments/17pii7m/lost_my_iphone_charger_in_loyola_campus_hingston/", "parent_whitelist_status": "all_ads", "stickied": false, "url": "https://www.reddit.com/r/Concordia/comments/17pii7m/lost_my_iphone_charger_in_loyola_campus_hingston/", "subreddit_subscribers": 35608, "created_utc": 1699319195.0, "num_crossposts": 0, "media": null, "is_video": false}}, {"kind": "t3", "data": {"approved_at_utc": null, "subreddit": "Concordia", "selftext": "When do you think we'll hear back from the admissions office?\n\nWhat is the program like? Is it worth it?", "author_fullname": "t2_j1lz9i5j", "saved": false, "mod_reason_title": null, "gilded": 0, "clicked": false, "title": "Has anyone applied for the undergraduate microprogram in screenwriting and film production? Or has anyone done it in the past?", "link_flair_richtext": [], "subreddit_name_prefixed": "r/Concordia", "hidden": false, "pwls": 6, "link_flair_css_class": null, "downs": 0, "top_awarded_type": null, "hide_score": false, "name": "t3_17ph80m", "quarantine": false, "link_flair_text_color": "dark", "upvote_ratio": 1.0, "author_flair_background_color": null, "subreddit_type": "public", "ups": 1, "total_awards_received": 0, "media_embed": {}, "author_flair_template_id": null, "is_original_content": false, "user_reports": [], "secure_media": null, "is_reddit_media_domain": false, "is_meta": false, "category": null, "secure_media_embed": {}, "link_flair_text": null, "can_mod_post": false, "score": 1, "approved_by": null, "is_created_from_ads_ui": false, "author_premium": false, "thumbnail": "", "edited": false, "author_flair_css_class": null, "author_flair_richtext": [], "gildings": {}, "content_categories": null, "is_self": true, "mod_note": null, "created": 1699315511.0, "link_flair_type": "text", "wls": 6, "removed_by_category": null, "banned_by": null, "author_flair_type": "text", "domain": "self.Concordia", "allow_live_comments": false, "selftext_html": "&lt;!-- SC_OFF --&gt;&lt;div class=\"md\"&gt;&lt;p&gt;When do you think we&amp;#39;ll hear back from the admissions office?&lt;/p&gt;\n\n&lt;p&gt;What is the program like? Is it worth it?&lt;/p&gt;\n&lt;/div&gt;&lt;!-- SC_ON --&gt;", "likes": null, "suggested_sort": null, "banned_at_utc": null, "view_count": null, "archived": false, "no_follow": true, "is_crosspostable": true, "pinned": false, "over_18": false, "all_awardings": [], "awarders": [], "media_only": false, "can_gild": false, "spoiler": false, "locked": false, "author_flair_text": null, "treatment_tags": [], "visited": false, "removed_by": null, "num_reports": null, "distinguished": null, "subreddit_id": "t5_2rsnl", "author_is_blocked": false, "mod_reason_by": null, "removal_reason": null, "link_flair_background_color": "", "id": "17ph80m", "is_robot_indexable": true, "report_reasons": null, "author": "mint-chocolate-rules", "discussion_type": null, "num_comments": 0, "send_replies": true, "whitelist_status": "all_ads", "contest_mode": false, "mod_reports": [], "author_patreon_flair": false, "author_flair_text_color": null, "permalink": "/r/Concordia/comments/17ph80m/has_anyone_applied_for_the_undergraduate/", "parent_whitelist_status": "all_ads", "stickied": false, "url": "https://www.reddit.com/r/Concordia/comments/17ph80m/has_anyone_applied_for_the_undergraduate/", "subreddit_subscribers": 35608, "created_utc": 1699315511.0, "num_crossposts": 0, "media": null, "is_video": false}}, {"kind": "t3", "data": {"approved_at_utc": null, "subreddit": "Concordia", "selftext": "", "author_fullname": "t2_dk9ixag6", "saved": false, "mod_reason_title": null, "gilded": 0, "clicked": false, "title": "The Quebec universities proposal", "link_flair_richtext": [], "subreddit_name_prefixed": "r/Concordia", "hidden": false, "pwls": 6, "link_flair_css_class": null, "downs": 0, "top_awarded_type": null, "hide_score": false, "name": "t3_17pdi0i", "quarantine": false, "link_flair_text_color": "dark", "upvote_ratio": 1.0, "author_flair_background_color": null, "subreddit_type": "public", "ups": 1, "total_awards_received": 0, "media_embed": {}, "author_flair_template_id": null, "is_original_content": false, "user_reports": [], "secure_media": null, "is_reddit_media_domain": false, "is_meta": false, "category": null, "secure_media_embed": {}, "link_flair_text": null, "can_mod_post": false, "score": 1, "approved_by": null, "is_created_from_ads_ui": false, "author_premium": false, "thumbnail": "", "edited": false, "author_flair_css_class": null, "author_flair_richtext": [], "gildings": {}, "content_categories": null, "is_self": false, "mod_note": null, "created": 1699305795.0, "link_flair_type": "text", "wls": 6, "removed_by_category": null, "banned_by": null, "author_flair_type": "text", "domain": "montrealgazette.com", "allow_live_comments": false, "selftext_html": null, "likes": null, "suggested_sort": null, "banned_at_utc": null, "url_overridden_by_dest": "https://montrealgazette.com/news/local-news/quebec-tuition-english-universities-make-historic-proposal-to-legault", "view_count": null, "archived": false, "no_follow": true, "is_crosspostable": true, "pinned": false, "over_18": false, "all_awardings": [], "awarders": [], "media_only": false, "can_gild": false, "spoiler": false, "locked": false, "author_flair_text": null, "treatment_tags": [], "visited": false, "removed_by": null, "num_reports": null, "distinguished": null, "subreddit_id": "t5_2rsnl", "author_is_blocked": false, "mod_reason_by": null, "removal_reason": null, "link_flair_background_color": "", "id": "17pdi0i", "is_robot_indexable": true, "report_reasons": null, "author": "Stephanie_Worounig", "discussion_type": null, "num_comments": 0, "send_replies": true, "whitelist_status": "all_ads", "contest_mode": false, "mod_reports": [], "author_patreon_flair": false, "author_flair_text_color": null, "permalink": "/r/Concordia/comments/17pdi0i/the_quebec_universities_proposal/", "parent_whitelist_status": "all_ads", "stickied": false, "url": "https://montrealgazette.com/news/local-news/quebec-tuition-english-universities-make-historic-proposal-to-legault", "subreddit_subscribers": 35608, "created_utc": 1699305795.0, "num_crossposts": 0, "media": null, "is_video": false}}, {"kind": "t3", "data": {"approved_at_utc": null, "subreddit": "Concordia", "selftext": "[https://www.youtube.com/watch?v=2WKSjv358qw](https://www.youtube.com/watch?v=2WKSjv358qw)", "author_fullname": "t2_3u797u81", "saved": false, "mod_reason_title": null, "gilded": 0, "clicked": false, "title": "Montreal Gazette discusses the tuition hikes", "link_flair_richtext": [], "subreddit_name_prefixed": "r/Concordia", "hidden": false, "pwls": 6, "link_flair_css_class": "", "downs": 0, "top_awarded_type": null, "hide_score": false, "name": "t3_17pa4cy", "quarantine": false, "link_flair_text_color": "light", "upvote_ratio": 1.0, "author_flair_background_color": null, "subreddit_type": "public", "ups": 1, "total_awards_received": 0, "media_embed": {}, "author_flair_template_id": null, "is_original_content": false, "user_reports": [], "secure_media": null, "is_reddit_media_domain": false, "is_meta": false, "category": null, "secure_media_embed": {}, "link_flair_text": "General Discussion", "can_mod_post": false, "score": 1, "approved_by": null, "is_created_from_ads_ui": false, "author_premium": false, "thumbnail": "", "edited": false, "author_flair_css_class": null, "author_flair_richtext": [], "gildings": {}, "content_categories": null, "is_self": true, "mod_note": null, "created": 1699297151.0, "link_flair_type": "text", "wls": 6, "removed_by_category": null, "banned_by": null, "author_flair_type": "text", "domain": "self.Concordia", "allow_live_comments": false, "selftext_html": "&lt;!-- SC_OFF --&gt;&lt;div class=\"md\"&gt;&lt;p&gt;&lt;a href=\"https://www.youtube.com/watch?v=2WKSjv358qw\"&gt;https://www.youtube.com/watch?v=2WKSjv358qw&lt;/a&gt;&lt;/p&gt;\n&lt;/div&gt;&lt;!-- SC_ON --&gt;", "likes": null, "suggested_sort": null, "banned_at_utc": null, "view_count": null, "archived": false, "no_follow": true, "is_crosspostable": true, "pinned": false, "over_18": false, "all_awardings": [], "awarders": [], "media_only": false, "link_flair_template_id": "4daae18e-142f-11e9-b74d-0e097ee54f68", "can_gild": false, "spoiler": false, "locked": false, "author_flair_text": null, "treatment_tags": [], "visited": false, "removed_by": null, "num_reports": null, "distinguished": null, "subreddit_id": "t5_2rsnl", "author_is_blocked": false, "mod_reason_by": null, "removal_reason": null, "link_flair_background_color": "#646d73", "id": "17pa4cy", "is_robot_indexable": true, "report_reasons": null, "author": "raga_drop", "discussion_type": null, "num_comments": 0, "send_replies": true, "whitelist_status": "all_ads", "contest_mode": false, "mod_reports": [], "author_patreon_flair": false, "author_flair_text_color": null, "permalink": "/r/Concordia/comments/17pa4cy/montreal_gazette_discusses_the_tuition_hikes/", "parent_whitelist_status": "all_ads", "stickied": false, "url": "https://www.reddit.com/r/Concordia/comments/17pa4cy/montreal_gazette_discusses_the_tuition_hikes/", "subreddit_subscribers": 35608, "created_utc": 1699297151.0, "num_crossposts": 0, "media": null, "is_video": false}}, {"kind": "t3", "data": {"approved_at_utc": null, "subreddit": "Concordia", "selftext": "Does anyone know how can I have access to turnitin \ud83d\ude4f", "author_fullname": "t2_sfu1qcp9", "saved": false, "mod_reason_title": null, "gilded": 0, "clicked": false, "title": "Turnitin", "link_flair_richtext": [], "subreddit_name_prefixed": "r/Concordia", "hidden": false, "pwls": 6, "link_flair_css_class": null, "downs": 0, "top_awarded_type": null, "hide_score": false, "name": "t3_17pgbbl", "quarantine": false, "link_flair_text_color": "dark", "upvote_ratio": 1.0, "author_flair_background_color": null, "subreddit_type": "public", "ups": 3, "total_awards_received": 0, "media_embed": {}, "author_flair_template_id": null, "is_original_content": false, "user_reports": [], "secure_media": null, "is_reddit_media_domain": false, "is_meta": false, "category": null, "secure_media_embed": {}, "link_flair_text": null, "can_mod_post": false, "score": 3, "approved_by": null, "is_created_from_ads_ui": false, "author_premium": false, "thumbnail": "", "edited": false, "author_flair_css_class": null, "author_flair_richtext": [], "gildings": {}, "content_categories": null, "is_self": true, "mod_note": null, "created": 1699312959.0, "link_flair_type": "text", "wls": 6, "removed_by_category": null, "banned_by": null, "author_flair_type": "text", "domain": "self.Concordia", "allow_live_comments": false, "selftext_html": "&lt;!-- SC_OFF --&gt;&lt;div class=\"md\"&gt;&lt;p&gt;Does anyone know how can I have access to turnitin \ud83d\ude4f&lt;/p&gt;\n&lt;/div&gt;&lt;!-- SC_ON --&gt;", "likes": null, "suggested_sort": null, "banned_at_utc": null, "view_count": null, "archived": false, "no_follow": false, "is_crosspostable": true, "pinned": false, "over_18": false, "all_awardings": [], "awarders": [], "media_only": false, "can_gild": false, "spoiler": false, "locked": false, "author_flair_text": null, "treatment_tags": [], "visited": false, "removed_by": null, "num_reports": null, "distinguished": null, "subreddit_id": "t5_2rsnl", "author_is_blocked": false, "mod_reason_by": null, "removal_reason": null, "link_flair_background_color": "", "id": "17pgbbl", "is_robot_indexable": true, "report_reasons": null, "author": "No_Refrigerator_1013", "discussion_type": null, "num_comments": 1, "send_replies": true, "whitelist_status": "all_ads", "contest_mode": false, "mod_reports": [], "author_patreon_flair": false, "author_flair_text_color": null, "permalink": "/r/Concordia/comments/17pgbbl/turnitin/", "parent_whitelist_status": "all_ads", "stickied": false, "url": "https://www.reddit.com/r/Concordia/comments/17pgbbl/turnitin/", "subreddit_subscribers": 35608, "created_utc": 1699312959.0, "num_crossposts": 0, "media": null, "is_video": false}}], "before": null}}