{"kind": "Listing", "data": {"after": "t3_17nn8ge", "dist": 25, "modhash": "oqtpn0pzilceeb64f0ccdda04256fa4e49d5a39e23c1b2aa4b", "geo_filter": "", "children": [{"kind": "t3", "data": {"approved_at_utc": null, "subreddit": "mcgill", "selftext": "Hi everyone,\n\nI've been accepted to both Udem and McGill, but ultimately I chose Udem. \n\nI don't understand why McGill (except for some programs) does not force French courses. Here at Udem and in every French speaking university it is mandatory to have an advanced level of English in order to graduate. First there is a test and then if you don't pass the test you have to take several courses in order to reach the level of English advanced. It is a condition to graduate even for the international students. \n\nIf McGill would have done that like every French speaking university I believe that the govrnment would not have increased fees for international students or at least negociation would have been possible. What a shame, once again it is internation students who are penalized and i am sure many of them would have been okay to have French courses. \n\nIs there a reason why McGill did not require a language requirement (except some programs) like all French speaking universities do in English?", "author_fullname": "t2_19bq9nxh", "saved": false, "mod_reason_title": null, "gilded": 0, "clicked": false, "title": "Why McGill did not forced French courses?", "link_flair_richtext": [], "subreddit_name_prefixed": "r/mcgill", "hidden": false, "pwls": 6, "link_flair_css_class": null, "downs": 0, "top_awarded_type": null, "hide_score": true, "name": "t3_17q6ikz", "quarantine": false, "link_flair_text_color": "dark", "upvote_ratio": 0.33, "author_flair_background_color": "#94e044", "subreddit_type": "public", "ups": 0, "total_awards_received": 0, "media_embed": {}, "author_flair_template_id": "93986a50-c294-11ed-b1cb-9604acc8e41c", "is_original_content": false, "user_reports": [], "secure_media": null, "is_reddit_media_domain": false, "is_meta": false, "category": null, "secure_media_embed": {}, "link_flair_text": null, "can_mod_post": false, "score": 0, "approved_by": null, "is_created_from_ads_ui": false, "author_premium": false, "thumbnail": "", "edited": false, "author_flair_css_class": "newuser4", "author_flair_richtext": [{"e": "text", "t": "Reddit Freshman"}], "gildings": {}, "content_categories": null, "is_self": true, "mod_note": null, "created": 1699396261.0, "link_flair_type": "text", "wls": 6, "removed_by_category": null, "banned_by": null, "author_flair_type": "richtext", "domain": "self.mcgill", "allow_live_comments": false, "selftext_html": "&lt;!-- SC_OFF --&gt;&lt;div class=\"md\"&gt;&lt;p&gt;Hi everyone,&lt;/p&gt;\n\n&lt;p&gt;I&amp;#39;ve been accepted to both Udem and McGill, but ultimately I chose Udem. &lt;/p&gt;\n\n&lt;p&gt;I don&amp;#39;t understand why McGill (except for some programs) does not force French courses. Here at Udem and in every French speaking university it is mandatory to have an advanced level of English in order to graduate. First there is a test and then if you don&amp;#39;t pass the test you have to take several courses in order to reach the level of English advanced. It is a condition to graduate even for the international students. &lt;/p&gt;\n\n&lt;p&gt;If McGill would have done that like every French speaking university I believe that the govrnment would not have increased fees for international students or at least negociation would have been possible. What a shame, once again it is internation students who are penalized and i am sure many of them would have been okay to have French courses. &lt;/p&gt;\n\n&lt;p&gt;Is there a reason why McGill did not require a language requirement (except some programs) like all French speaking universities do in English?&lt;/p&gt;\n&lt;/div&gt;&lt;!-- SC_ON --&gt;", "likes": null, "suggested_sort": null, "banned_at_utc": null, "view_count": null, "archived": false, "no_follow": true, "is_crosspostable": true, "pinned": false, "over_18": false, "all_awardings": [], "awarders": [], "media_only": false, "can_gild": false, "spoiler": false, "locked": false, "author_flair_text": "Reddit Freshman", "treatment_tags": [], "visited": false, "removed_by": null, "num_reports": null, "distinguished": null, "subreddit_id": "t5_2rhkw", "author_is_blocked": false, "mod_reason_by": null, "removal_reason": null, "link_flair_background_color": "", "id": "17q6ikz", "is_robot_indexable": true, "report_reasons": null, "author": "battosa89", "discussion_type": null, "num_comments": 3, "send_replies": true, "whitelist_status": "all_ads", "contest_mode": false, "mod_reports": [], "author_patreon_flair": false, "author_flair_text_color": "light", "permalink": "/r/mcgill/comments/17q6ikz/why_mcgill_did_not_forced_french_courses/", "parent_whitelist_status": "all_ads", "stickied": false, "url": "https://www.reddit.com/r/mcgill/comments/17q6ikz/why_mcgill_did_not_forced_french_courses/", "subreddit_subscribers": 56380, "created_utc": 1699396261.0, "num_crossposts": 0, "media": null, "is_video": false}}, {"kind": "t3", "data": {"approved_at_utc": null, "subreddit": "mcgill", "selftext": "The TAs in PHIL classes seem to be allergic to giving feedback. I don't need much, but just one or two lines about the biggest problem in my essay or what I could do to improve. It's really hard to not have any idea why you lost points. You have to go to the prof for feedback but they don't know why the TA graded the way they did. I've had bad luck just asking the TA why they graded the way they did, like they don't want to spend time doing their job.  \n\n\nIt's really frustrating and I'm wondering if anyone else feels the same way. I know it really depends on the TA, but I find since last year the quality of TAs really went down, like they really don't give two shits about us and want us to suffer. Maybe they do, maybe they don't and they just really don't care. But I am sure they benefitted from good TAs to get into grad school. Anyways. It's just frustrating, because I am finding it mentally exhausting to go through all these hoops just to get information about what I need to improve, like if it just that I don't write well or I don't understand the material or what.", "author_fullname": "t2_vczfxpwf", "saved": false, "mod_reason_title": null, "gilded": 0, "clicked": false, "title": "There's a special place in hell reserved for TAs who don't give feedback", "link_flair_richtext": [], "subreddit_name_prefixed": "r/mcgill", "hidden": false, "pwls": 6, "link_flair_css_class": null, "downs": 0, "top_awarded_type": null, "hide_score": true, "name": "t3_17q5if4", "quarantine": false, "link_flair_text_color": "dark", "upvote_ratio": 0.57, "author_flair_background_color": "#94e044", "subreddit_type": "public", "ups": 1, "total_awards_received": 0, "media_embed": {}, "author_flair_template_id": "93986a50-c294-11ed-b1cb-9604acc8e41c", "is_original_content": false, "user_reports": [], "secure_media": null, "is_reddit_media_domain": false, "is_meta": false, "category": null, "secure_media_embed": {}, "link_flair_text": null, "can_mod_post": false, "score": 1, "approved_by": null, "is_created_from_ads_ui": false, "author_premium": false, "thumbnail": "", "edited": false, "author_flair_css_class": "newuser4", "author_flair_richtext": [{"e": "text", "t": "Reddit Freshman"}], "gildings": {}, "content_categories": null, "is_self": true, "mod_note": null, "created": 1699393709.0, "link_flair_type": "text", "wls": 6, "removed_by_category": null, "banned_by": null, "author_flair_type": "richtext", "domain": "self.mcgill", "allow_live_comments": false, "selftext_html": "&lt;!-- SC_OFF --&gt;&lt;div class=\"md\"&gt;&lt;p&gt;The TAs in PHIL classes seem to be allergic to giving feedback. I don&amp;#39;t need much, but just one or two lines about the biggest problem in my essay or what I could do to improve. It&amp;#39;s really hard to not have any idea why you lost points. You have to go to the prof for feedback but they don&amp;#39;t know why the TA graded the way they did. I&amp;#39;ve had bad luck just asking the TA why they graded the way they did, like they don&amp;#39;t want to spend time doing their job.  &lt;/p&gt;\n\n&lt;p&gt;It&amp;#39;s really frustrating and I&amp;#39;m wondering if anyone else feels the same way. I know it really depends on the TA, but I find since last year the quality of TAs really went down, like they really don&amp;#39;t give two shits about us and want us to suffer. Maybe they do, maybe they don&amp;#39;t and they just really don&amp;#39;t care. But I am sure they benefitted from good TAs to get into grad school. Anyways. It&amp;#39;s just frustrating, because I am finding it mentally exhausting to go through all these hoops just to get information about what I need to improve, like if it just that I don&amp;#39;t write well or I don&amp;#39;t understand the material or what.&lt;/p&gt;\n&lt;/div&gt;&lt;!-- SC_ON --&gt;", "likes": null, "suggested_sort": null, "banned_at_utc": null, "view_count": null, "archived": false, "no_follow": true, "is_crosspostable": true, "pinned": false, "over_18": false, "all_awardings": [], "awarders": [], "media_only": false, "can_gild": false, "spoiler": false, "locked": false, "author_flair_text": "Reddit Freshman", "treatment_tags": [], "visited": false, "removed_by": null, "num_reports": null, "distinguished": null, "subreddit_id": "t5_2rhkw", "author_is_blocked": false, "mod_reason_by": null, "removal_reason": null, "link_flair_background_color": "", "id": "17q5if4", "is_robot_indexable": true, "report_reasons": null, "author": "Ashamed-Hedgehog2049", "discussion_type": null, "num_comments": 7, "send_replies": true, "whitelist_status": "all_ads", "contest_mode": false, "mod_reports": [], "author_patreon_flair": false, "author_flair_text_color": "light", "permalink": "/r/mcgill/comments/17q5if4/theres_a_special_place_in_hell_reserved_for_tas/", "parent_whitelist_status": "all_ads", "stickied": false, "url": "https://www.reddit.com/r/mcgill/comments/17q5if4/theres_a_special_place_in_hell_reserved_for_tas/", "subreddit_subscribers": 56380, "created_utc": 1699393709.0, "num_crossposts": 0, "media": null, "is_video": false}}, {"kind": "t3", "data": {"approved_at_utc": null, "subreddit": "mcgill", "selftext": "Hi guys,\n\nis anyone looking for a member in their dnd group/wanting to set up a campaign? i really want to start playing again. \n\nOtherwise do you guys know of a FB group that sets up dnd games? i'm actually desperate lol\n\nThankies", "author_fullname": "t2_pmptjgrt", "saved": false, "mod_reason_title": null, "gilded": 0, "clicked": false, "title": "looking for dnd group", "link_flair_richtext": [], "subreddit_name_prefixed": "r/mcgill", "hidden": false, "pwls": 6, "link_flair_css_class": null, "downs": 0, "top_awarded_type": null, "hide_score": false, "name": "t3_17q3o3s", "quarantine": false, "link_flair_text_color": "dark", "upvote_ratio": 1.0, "author_flair_background_color": "#dadada", "subreddit_type": "public", "ups": 2, "total_awards_received": 0, "media_embed": {}, "author_flair_template_id": "351eafc4-2c81-11ed-bdc0-d619dfeb5845", "is_original_content": false, "user_reports": [], "secure_media": null, "is_reddit_media_domain": false, "is_meta": false, "category": null, "secure_media_embed": {}, "link_flair_text": null, "can_mod_post": false, "score": 2, "approved_by": null, "is_created_from_ads_ui": false, "author_premium": false, "thumbnail": "", "edited": false, "author_flair_css_class": "newuser", "author_flair_richtext": [{"e": "text", "t": "Reddit Freshman"}], "gildings": {}, "content_categories": null, "is_self": true, "mod_note": null, "created": 1699389078.0, "link_flair_type": "text", "wls": 6, "removed_by_category": null, "banned_by": null, "author_flair_type": "richtext", "domain": "self.mcgill", "allow_live_comments": false, "selftext_html": "&lt;!-- SC_OFF --&gt;&lt;div class=\"md\"&gt;&lt;p&gt;Hi guys,&lt;/p&gt;\n\n&lt;p&gt;is anyone looking for a member in their dnd group/wanting to set up a campaign? i really want to start playing again. &lt;/p&gt;\n\n&lt;p&gt;Otherwise do you guys know of a FB group that sets up dnd games? i&amp;#39;m actually desperate lol&lt;/p&gt;\n\n&lt;p&gt;Thankies&lt;/p&gt;\n&lt;/div&gt;&lt;!-- SC_ON --&gt;", "likes": null, "suggested_sort": null, "banned_at_utc": null, "view_count": null, "archived": false, "no_follow": false, "is_crosspostable": true, "pinned": false, "over_18": false, "all_awardings": [], "awarders": [], "media_only": false, "can_gild": false, "spoiler": false, "locked": false, "author_flair_text": "Reddit Freshman", "treatment_tags": [], "visited": false, "removed_by": null, "num_reports": null, "distinguished": null, "subreddit_id": "t5_2rhkw", "author_is_blocked": false, "mod_reason_by": null, "removal_reason": null, "link_flair_background_color": "", "id": "17q3o3s", "is_robot_indexable": true, "report_reasons": null, "author": "Few-Presentation-887", "discussion_type": null, "num_comments": 1, "send_replies": true, "whitelist_status": "all_ads", "contest_mode": false, "mod_reports": [], "author_patreon_flair": false, "author_flair_text_color": "dark", "permalink": "/r/mcgill/comments/17q3o3s/looking_for_dnd_group/", "parent_whitelist_status": "all_ads", "stickied": false, "url": "https://www.reddit.com/r/mcgill/comments/17q3o3s/looking_for_dnd_group/", "subreddit_subscribers": 56380, "created_utc": 1699389078.0, "num_crossposts": 0, "media": null, "is_video": false}}, {"kind": "t3", "data": {"approved_at_utc": null, "subreddit": "mcgill", "selftext": "Hi,\n\nBack in early September I wrote to two profs and asked them to write recommendation letters for my grad school application , to which they agreed. Last week the applications opened and I sent the request link and everything to them, until now none of the two has answered. I sent out the initial email on Friday or Thursday last week, did a follow-up on Monday, and still no response.\n\nShould I wait a little bit longer? If they still don't reply this week, should I go see them at their office? I totally understand that profs are busy, but  the referee requests have a certain deadline by which the profs have to at least respond, so I am a little stressed out about it now.\n\n&amp;#x200B;\n\nCould it ever happen that profs decide to ghost you after they have agreed? :(", "author_fullname": "t2_tnlltmlv", "saved": false, "mod_reason_title": null, "gilded": 0, "clicked": false, "title": "Prof ghosting me after agreed to write recommendation letter?", "link_flair_richtext": [], "subreddit_name_prefixed": "r/mcgill", "hidden": false, "pwls": 6, "link_flair_css_class": null, "downs": 0, "top_awarded_type": null, "hide_score": false, "name": "t3_17q20ts", "quarantine": false, "link_flair_text_color": "dark", "upvote_ratio": 0.89, "author_flair_background_color": "#7193ff", "subreddit_type": "public", "ups": 14, "total_awards_received": 0, "media_embed": {}, "author_flair_template_id": "ab1afd12-37a9-11ed-befc-b2eab6706767", "is_original_content": false, "user_reports": [], "secure_media": null, "is_reddit_media_domain": false, "is_meta": false, "category": null, "secure_media_embed": {}, "link_flair_text": null, "can_mod_post": false, "score": 14, "approved_by": null, "is_created_from_ads_ui": false, "author_premium": false, "thumbnail": "", "edited": false, "author_flair_css_class": "newuser2", "author_flair_richtext": [{"e": "text", "t": "Reddit Freshman"}], "gildings": {}, "content_categories": null, "is_self": true, "mod_note": null, "created": 1699384761.0, "link_flair_type": "text", "wls": 6, "removed_by_category": null, "banned_by": null, "author_flair_type": "richtext", "domain": "self.mcgill", "allow_live_comments": false, "selftext_html": "&lt;!-- SC_OFF --&gt;&lt;div class=\"md\"&gt;&lt;p&gt;Hi,&lt;/p&gt;\n\n&lt;p&gt;Back in early September I wrote to two profs and asked them to write recommendation letters for my grad school application , to which they agreed. Last week the applications opened and I sent the request link and everything to them, until now none of the two has answered. I sent out the initial email on Friday or Thursday last week, did a follow-up on Monday, and still no response.&lt;/p&gt;\n\n&lt;p&gt;Should I wait a little bit longer? If they still don&amp;#39;t reply this week, should I go see them at their office? I totally understand that profs are busy, but  the referee requests have a certain deadline by which the profs have to at least respond, so I am a little stressed out about it now.&lt;/p&gt;\n\n&lt;p&gt;&amp;#x200B;&lt;/p&gt;\n\n&lt;p&gt;Could it ever happen that profs decide to ghost you after they have agreed? :(&lt;/p&gt;\n&lt;/div&gt;&lt;!-- SC_ON --&gt;", "likes": null, "suggested_sort": null, "banned_at_utc": null, "view_count": null, "archived": false, "no_follow": false, "is_crosspostable": true, "pinned": false, "over_18": false, "all_awardings": [], "awarders": [], "media_only": false, "can_gild": false, "spoiler": false, "locked": false, "author_flair_text": "Reddit Freshman", "treatment_tags": [], "visited": false, "removed_by": null, "num_reports": null, "distinguished": null, "subreddit_id": "t5_2rhkw", "author_is_blocked": false, "mod_reason_by": null, "removal_reason": null, "link_flair_background_color": "", "id": "17q20ts", "is_robot_indexable": true, "report_reasons": null, "author": "aiyoyo26", "discussion_type": null, "num_comments": 10, "send_replies": true, "whitelist_status": "all_ads", "contest_mode": false, "mod_reports": [], "author_patreon_flair": false, "author_flair_text_color": "light", "permalink": "/r/mcgill/comments/17q20ts/prof_ghosting_me_after_agreed_to_write/", "parent_whitelist_status": "all_ads", "stickied": false, "url": "https://www.reddit.com/r/mcgill/comments/17q20ts/prof_ghosting_me_after_agreed_to_write/", "subreddit_subscribers": 56380, "created_utc": 1699384761.0, "num_crossposts": 0, "media": null, "is_video": false}}, {"kind": "t3", "data": {"approved_at_utc": null, "subreddit": "mcgill", "selftext": "I'm writing a research paper for Poli 360 but the guidelines are vague I know that's on purpose but I'm worried I'm not going to do well and I'll forget to include certain aspects. \n\n   Guidelines:\n\nDevelop a research question. Why something happened as opposed to what happened. Topics can be drawn from any of the issues/theories covered in the course. \n\nCase studies (different from the ones you studied in the course and 20th and 21st-century ones) are an interesting way to test a theory or an argument. \n\nLook at some alternative explanations and develop your own argument/analysis. ", "author_fullname": "t2_kqpl4wx8t", "saved": false, "mod_reason_title": null, "gilded": 0, "clicked": false, "title": "Research Paper 360", "link_flair_richtext": [], "subreddit_name_prefixed": "r/mcgill", "hidden": false, "pwls": 6, "link_flair_css_class": null, "downs": 0, "top_awarded_type": null, "hide_score": false, "name": "t3_17q0slu", "quarantine": false, "link_flair_text_color": "dark", "upvote_ratio": 1.0, "author_flair_background_color": "#94e044", "subreddit_type": "public", "ups": 1, "total_awards_received": 0, "media_embed": {}, "author_flair_template_id": "93986a50-c294-11ed-b1cb-9604acc8e41c", "is_original_content": false, "user_reports": [], "secure_media": null, "is_reddit_media_domain": false, "is_meta": false, "category": null, "secure_media_embed": {}, "link_flair_text": null, "can_mod_post": false, "score": 1, "approved_by": null, "is_created_from_ads_ui": false, "author_premium": false, "thumbnail": "", "edited": false, "author_flair_css_class": "newuser4", "author_flair_richtext": [{"e": "text", "t": "Reddit Freshman"}], "gildings": {}, "content_categories": null, "is_self": true, "mod_note": null, "created": 1699381555.0, "link_flair_type": "text", "wls": 6, "removed_by_category": null, "banned_by": null, "author_flair_type": "richtext", "domain": "self.mcgill", "allow_live_comments": false, "selftext_html": "&lt;!-- SC_OFF --&gt;&lt;div class=\"md\"&gt;&lt;p&gt;I&amp;#39;m writing a research paper for Poli 360 but the guidelines are vague I know that&amp;#39;s on purpose but I&amp;#39;m worried I&amp;#39;m not going to do well and I&amp;#39;ll forget to include certain aspects. &lt;/p&gt;\n\n&lt;p&gt;Guidelines:&lt;/p&gt;\n\n&lt;p&gt;Develop a research question. Why something happened as opposed to what happened. Topics can be drawn from any of the issues/theories covered in the course. &lt;/p&gt;\n\n&lt;p&gt;Case studies (different from the ones you studied in the course and 20th and 21st-century ones) are an interesting way to test a theory or an argument. &lt;/p&gt;\n\n&lt;p&gt;Look at some alternative explanations and develop your own argument/analysis. &lt;/p&gt;\n&lt;/div&gt;&lt;!-- SC_ON --&gt;", "likes": null, "suggested_sort": null, "banned_at_utc": null, "view_count": null, "archived": false, "no_follow": true, "is_crosspostable": true, "pinned": false, "over_18": false, "all_awardings": [], "awarders": [], "media_only": false, "can_gild": false, "spoiler": false, "locked": false, "author_flair_text": "Reddit Freshman", "treatment_tags": [], "visited": false, "removed_by": null, "num_reports": null, "distinguished": null, "subreddit_id": "t5_2rhkw", "author_is_blocked": false, "mod_reason_by": null, "removal_reason": null, "link_flair_background_color": "", "id": "17q0slu", "is_robot_indexable": true, "report_reasons": null, "author": "Sea_Night_4720", "discussion_type": null, "num_comments": 0, "send_replies": true, "whitelist_status": "all_ads", "contest_mode": false, "mod_reports": [], "author_patreon_flair": false, "author_flair_text_color": "light", "permalink": "/r/mcgill/comments/17q0slu/research_paper_360/", "parent_whitelist_status": "all_ads", "stickied": false, "url": "https://www.reddit.com/r/mcgill/comments/17q0slu/research_paper_360/", "subreddit_subscribers": 56380, "created_utc": 1699381555.0, "num_crossposts": 0, "media": null, "is_video": false}}, {"kind": "t3", "data": {"approved_at_utc": null, "subreddit": "mcgill", "selftext": "Was wondering if anybody had experience or even knows if undergrads can work at MILA as a research assistant. What are other opportunities available at MILA for undergrads? How to apply? Any advice is appreciated!", "author_fullname": "t2_h3zn7smr", "saved": false, "mod_reason_title": null, "gilded": 0, "clicked": false, "title": "Working at MILA as an undergrad?", "link_flair_richtext": [], "subreddit_name_prefixed": "r/mcgill", "hidden": false, "pwls": 6, "link_flair_css_class": null, "downs": 0, "top_awarded_type": null, "hide_score": false, "name": "t3_17popv6", "quarantine": false, "link_flair_text_color": "dark", "upvote_ratio": 0.72, "author_flair_background_color": "#cc5289", "subreddit_type": "public", "ups": 3, "total_awards_received": 0, "media_embed": {}, "author_flair_template_id": "cc562018-3e13-11ed-9dea-52d12fd6516c", "is_original_content": false, "user_reports": [], "secure_media": null, "is_reddit_media_domain": false, "is_meta": false, "category": null, "secure_media_embed": {}, "link_flair_text": null, "can_mod_post": false, "score": 3, "approved_by": null, "is_created_from_ads_ui": false, "author_premium": false, "thumbnail": "", "edited": false, "author_flair_css_class": "custom5", "author_flair_richtext": [{"e": "text", "t": "Psychology &amp; Comp Sci"}], "gildings": {}, "content_categories": null, "is_self": true, "mod_note": null, "created": 1699340936.0, "link_flair_type": "text", "wls": 6, "removed_by_category": null, "banned_by": null, "author_flair_type": "richtext", "domain": "self.mcgill", "allow_live_comments": false, "selftext_html": "&lt;!-- SC_OFF --&gt;&lt;div class=\"md\"&gt;&lt;p&gt;Was wondering if anybody had experience or even knows if undergrads can work at MILA as a research assistant. What are other opportunities available at MILA for undergrads? How to apply? Any advice is appreciated!&lt;/p&gt;\n&lt;/div&gt;&lt;!-- SC_ON --&gt;", "likes": null, "suggested_sort": null, "banned_at_utc": null, "view_count": null, "archived": false, "no_follow": false, "is_crosspostable": true, "pinned": false, "over_18": false, "all_awardings": [], "awarders": [], "media_only": false, "can_gild": false, "spoiler": false, "locked": false, "author_flair_text": "Psychology &amp; Comp Sci", "treatment_tags": [], "visited": false, "removed_by": null, "num_reports": null, "distinguished": null, "subreddit_id": "t5_2rhkw", "author_is_blocked": false, "mod_reason_by": null, "removal_reason": null, "link_flair_background_color": "", "id": "17popv6", "is_robot_indexable": true, "report_reasons": null, "author": "guywiththemonocle", "discussion_type": null, "num_comments": 7, "send_replies": true, "whitelist_status": "all_ads", "contest_mode": false, "mod_reports": [], "author_patreon_flair": false, "author_flair_text_color": "light", "permalink": "/r/mcgill/comments/17popv6/working_at_mila_as_an_undergrad/", "parent_whitelist_status": "all_ads", "stickied": false, "url": "https://www.reddit.com/r/mcgill/comments/17popv6/working_at_mila_as_an_undergrad/", "subreddit_subscribers": 56380, "created_utc": 1699340936.0, "num_crossposts": 0, "media": null, "is_video": false}}, {"kind": "t3", "data": {"approved_at_utc": null, "subreddit": "mcgill", "selftext": "", "author_fullname": "t2_4ka8b1h8", "saved": false, "mod_reason_title": null, "gilded": 0, "clicked": false, "title": "Quebec rejects offer to not raise tuition for McGill, Concordia students", "link_flair_richtext": [], "subreddit_name_prefixed": "r/mcgill", "hidden": false, "pwls": 6, "link_flair_css_class": null, "downs": 0, "top_awarded_type": null, "hide_score": false, "name": "t3_17plp2e", "quarantine": false, "link_flair_text_color": "dark", "upvote_ratio": 0.96, "author_flair_background_color": "#94e044", "subreddit_type": "public", "ups": 215, "total_awards_received": 0, "media_embed": {}, "author_flair_template_id": "93986a50-c294-11ed-b1cb-9604acc8e41c", "is_original_content": false, "user_reports": [], "secure_media": null, "is_reddit_media_domain": false, "is_meta": false, "category": null, "secure_media_embed": {}, "link_flair_text": null, "can_mod_post": false, "score": 215, "approved_by": null, "is_created_from_ads_ui": false, "author_premium": false, "thumbnail": "", "edited": false, "author_flair_css_class": "newuser4", "author_flair_richtext": [{"e": "text", "t": "Reddit Freshman"}], "gildings": {}, "content_categories": null, "is_self": false, "mod_note": null, "created": 1699329044.0, "link_flair_type": "text", "wls": 6, "removed_by_category": null, "banned_by": null, "author_flair_type": "richtext", "domain": "montreal.ctvnews.ca", "allow_live_comments": false, "selftext_html": null, "likes": null, "suggested_sort": null, "banned_at_utc": null, "url_overridden_by_dest": "https://montreal.ctvnews.ca/quebec-rejects-offer-to-not-raise-tuition-for-mcgill-concordia-students-1.6632444", "view_count": null, "archived": false, "no_follow": false, "is_crosspostable": true, "pinned": false, "over_18": false, "all_awardings": [], "awarders": [], "media_only": false, "can_gild": false, "spoiler": false, "locked": false, "author_flair_text": "Reddit Freshman", "treatment_tags": [], "visited": false, "removed_by": null, "num_reports": null, "distinguished": null, "subreddit_id": "t5_2rhkw", "author_is_blocked": false, "mod_reason_by": null, "removal_reason": null, "link_flair_background_color": "", "id": "17plp2e", "is_robot_indexable": true, "report_reasons": null, "author": "ThatLocalLad", "discussion_type": null, "num_comments": 265, "send_replies": true, "whitelist_status": "all_ads", "contest_mode": false, "mod_reports": [], "author_patreon_flair": false, "author_flair_text_color": "light", "permalink": "/r/mcgill/comments/17plp2e/quebec_rejects_offer_to_not_raise_tuition_for/", "parent_whitelist_status": "all_ads", "stickied": false, "url": "https://montreal.ctvnews.ca/quebec-rejects-offer-to-not-raise-tuition-for-mcgill-concordia-students-1.6632444", "subreddit_subscribers": 56380, "created_utc": 1699329044.0, "num_crossposts": 0, "media": null, "is_video": false}}, {"kind": "t3", "data": {"approved_at_utc": null, "subreddit": "mcgill", "selftext": "I am really struggling in Math 242 since it is my first proof-based class. I know I shouldn\u2019t rely on this, but is there a curve associated with the final. I am really scared I might fail. Any suggestions to help understand the content better would be highly appreciated. Thanks.", "author_fullname": "t2_s12hlhh5", "saved": false, "mod_reason_title": null, "gilded": 0, "clicked": false, "title": "Math 242 Curve", "link_flair_richtext": [], "subreddit_name_prefixed": "r/mcgill", "hidden": false, "pwls": 6, "link_flair_css_class": null, "downs": 0, "top_awarded_type": null, "hide_score": false, "name": "t3_17pipka", "quarantine": false, "link_flair_text_color": "dark", "upvote_ratio": 1.0, "author_flair_background_color": "#7193ff", "subreddit_type": "public", "ups": 4, "total_awards_received": 0, "media_embed": {}, "author_flair_template_id": "ab1afd12-37a9-11ed-befc-b2eab6706767", "is_original_content": false, "user_reports": [], "secure_media": null, "is_reddit_media_domain": false, "is_meta": false, "category": null, "secure_media_embed": {}, "link_flair_text": null, "can_mod_post": false, "score": 4, "approved_by": null, "is_created_from_ads_ui": false, "author_premium": false, "thumbnail": "", "edited": false, "author_flair_css_class": "newuser2", "author_flair_richtext": [{"e": "text", "t": "Reddit Freshman"}], "gildings": {}, "content_categories": null, "is_self": true, "mod_note": null, "created": 1699319815.0, "link_flair_type": "text", "wls": 6, "removed_by_category": null, "banned_by": null, "author_flair_type": "richtext", "domain": "self.mcgill", "allow_live_comments": false, "selftext_html": "&lt;!-- SC_OFF --&gt;&lt;div class=\"md\"&gt;&lt;p&gt;I am really struggling in Math 242 since it is my first proof-based class. I know I shouldn\u2019t rely on this, but is there a curve associated with the final. I am really scared I might fail. Any suggestions to help understand the content better would be highly appreciated. Thanks.&lt;/p&gt;\n&lt;/div&gt;&lt;!-- SC_ON --&gt;", "likes": null, "suggested_sort": null, "banned_at_utc": null, "view_count": null, "archived": false, "no_follow": false, "is_crosspostable": true, "pinned": false, "over_18": false, "all_awardings": [], "awarders": [], "media_only": false, "can_gild": false, "spoiler": false, "locked": false, "author_flair_text": "Reddit Freshman", "treatment_tags": [], "visited": false, "removed_by": null, "num_reports": null, "distinguished": null, "subreddit_id": "t5_2rhkw", "author_is_blocked": false, "mod_reason_by": null, "removal_reason": null, "link_flair_background_color": "", "id": "17pipka", "is_robot_indexable": true, "report_reasons": null, "author": "Character_Book_4492", "discussion_type": null, "num_comments": 7, "send_replies": true, "whitelist_status": "all_ads", "contest_mode": false, "mod_reports": [], "author_patreon_flair": false, "author_flair_text_color": "light", "permalink": "/r/mcgill/comments/17pipka/math_242_curve/", "parent_whitelist_status": "all_ads", "stickied": false, "url": "https://www.reddit.com/r/mcgill/comments/17pipka/math_242_curve/", "subreddit_subscribers": 56380, "created_utc": 1699319815.0, "num_crossposts": 0, "media": null, "is_video": false}}, {"kind": "t3", "data": {"approved_at_utc": null, "subreddit": "mcgill", "selftext": "Hey everyone, I graduated kinesiology and wanted to get a kinesiology job, but the FKQ certification is basically a requirement for most jobs in the field. There is very little information about it online and the FKQ only provides candidates with a vague list of topics covered in the exam.I was wondering if anyone did the certification and is willing the share their experience. Thanks!!", "author_fullname": "t2_kb7wmzti", "saved": false, "mod_reason_title": null, "gilded": 0, "clicked": false, "title": "FKQ certification exam - Did anyone take it?", "link_flair_richtext": [], "subreddit_name_prefixed": "r/mcgill", "hidden": false, "pwls": 6, "link_flair_css_class": null, "downs": 0, "top_awarded_type": null, "hide_score": false, "name": "t3_17pgjoi", "quarantine": false, "link_flair_text_color": "dark", "upvote_ratio": 1.0, "author_flair_background_color": null, "subreddit_type": "public", "ups": 1, "total_awards_received": 0, "media_embed": {}, "author_flair_template_id": null, "is_original_content": false, "user_reports": [], "secure_media": null, "is_reddit_media_domain": false, "is_meta": false, "category": null, "secure_media_embed": {}, "link_flair_text": null, "can_mod_post": false, "score": 1, "approved_by": null, "is_created_from_ads_ui": false, "author_premium": false, "thumbnail": "", "edited": false, "author_flair_css_class": null, "author_flair_richtext": [], "gildings": {}, "content_categories": null, "is_self": true, "mod_note": null, "created": 1699313586.0, "link_flair_type": "text", "wls": 6, "removed_by_category": null, "banned_by": null, "author_flair_type": "text", "domain": "self.mcgill", "allow_live_comments": false, "selftext_html": "&lt;!-- SC_OFF --&gt;&lt;div class=\"md\"&gt;&lt;p&gt;Hey everyone, I graduated kinesiology and wanted to get a kinesiology job, but the FKQ certification is basically a requirement for most jobs in the field. There is very little information about it online and the FKQ only provides candidates with a vague list of topics covered in the exam.I was wondering if anyone did the certification and is willing the share their experience. Thanks!!&lt;/p&gt;\n&lt;/div&gt;&lt;!-- SC_ON --&gt;", "likes": null, "suggested_sort": null, "banned_at_utc": null, "view_count": null, "archived": false, "no_follow": true, "is_crosspostable": true, "pinned": false, "over_18": false, "all_awardings": [], "awarders": [], "media_only": false, "can_gild": false, "spoiler": false, "locked": false, "author_flair_text": null, "treatment_tags": [], "visited": false, "removed_by": null, "num_reports": null, "distinguished": null, "subreddit_id": "t5_2rhkw", "author_is_blocked": false, "mod_reason_by": null, "removal_reason": null, "link_flair_background_color": "", "id": "17pgjoi", "is_robot_indexable": true, "report_reasons": null, "author": "PossibleConference48", "discussion_type": null, "num_comments": 0, "send_replies": true, "whitelist_status": "all_ads", "contest_mode": false, "mod_reports": [], "author_patreon_flair": false, "author_flair_text_color": null, "permalink": "/r/mcgill/comments/17pgjoi/fkq_certification_exam_did_anyone_take_it/", "parent_whitelist_status": "all_ads", "stickied": false, "url": "https://www.reddit.com/r/mcgill/comments/17pgjoi/fkq_certification_exam_did_anyone_take_it/", "subreddit_subscribers": 56380, "created_utc": 1699313586.0, "num_crossposts": 0, "media": null, "is_video": false}}, {"kind": "t3", "data": {"approved_at_utc": null, "subreddit": "mcgill", "selftext": "[https://montrealgazette.com/news/local-news/quebec-tuition-english-universities-make-historic-proposal-to-legault](https://montrealgazette.com/news/local-news/quebec-tuition-english-universities-make-historic-proposal-to-legault)", "author_fullname": "t2_llclso7j", "saved": false, "mod_reason_title": null, "gilded": 0, "clicked": false, "title": "Quebec tuition: English universities make 'historic proposal' to Legault", "link_flair_richtext": [], "subreddit_name_prefixed": "r/mcgill", "hidden": false, "pwls": 6, "link_flair_css_class": null, "downs": 0, "top_awarded_type": null, "hide_score": false, "name": "t3_17p949t", "quarantine": false, "link_flair_text_color": "dark", "upvote_ratio": 0.95, "author_flair_background_color": "#cc5289", "subreddit_type": "public", "ups": 112, "total_awards_received": 0, "media_embed": {}, "author_flair_template_id": "bbbeba6c-3e13-11ed-b48c-9276e72235f0", "is_original_content": false, "user_reports": [], "secure_media": null, "is_reddit_media_domain": false, "is_meta": false, "category": null, "secure_media_embed": {}, "link_flair_text": null, "can_mod_post": false, "score": 112, "approved_by": null, "is_created_from_ads_ui": false, "author_premium": false, "thumbnail": "", "edited": false, "author_flair_css_class": "newuser3", "author_flair_richtext": [{"e": "text", "t": "Reddit Freshman"}], "gildings": {}, "content_categories": null, "is_self": true, "mod_note": null, "created": 1699294577.0, "link_flair_type": "text", "wls": 6, "removed_by_category": null, "banned_by": null, "author_flair_type": "richtext", "domain": "self.mcgill", "allow_live_comments": false, "selftext_html": "&lt;!-- SC_OFF --&gt;&lt;div class=\"md\"&gt;&lt;p&gt;&lt;a href=\"https://montrealgazette.com/news/local-news/quebec-tuition-english-universities-make-historic-proposal-to-legault\"&gt;https://montrealgazette.com/news/local-news/quebec-tuition-english-universities-make-historic-proposal-to-legault&lt;/a&gt;&lt;/p&gt;\n&lt;/div&gt;&lt;!-- SC_ON --&gt;", "likes": null, "suggested_sort": null, "banned_at_utc": null, "view_count": null, "archived": false, "no_follow": false, "is_crosspostable": true, "pinned": false, "over_18": false, "all_awardings": [], "awarders": [], "media_only": false, "can_gild": false, "spoiler": false, "locked": false, "author_flair_text": "Reddit Freshman", "treatment_tags": [], "visited": false, "removed_by": null, "num_reports": null, "distinguished": null, "subreddit_id": "t5_2rhkw", "author_is_blocked": false, "mod_reason_by": null, "removal_reason": null, "link_flair_background_color": "", "id": "17p949t", "is_robot_indexable": true, "report_reasons": null, "author": "MA_Nadeau", "discussion_type": null, "num_comments": 142, "send_replies": true, "whitelist_status": "all_ads", "contest_mode": false, "mod_reports": [], "author_patreon_flair": false, "author_flair_text_color": "light", "permalink": "/r/mcgill/comments/17p949t/quebec_tuition_english_universities_make_historic/", "parent_whitelist_status": "all_ads", "stickied": false, "url": "https://www.reddit.com/r/mcgill/comments/17p949t/quebec_tuition_english_universities_make_historic/", "subreddit_subscribers": 56380, "created_utc": 1699294577.0, "num_crossposts": 0, "media": null, "is_video": false}}, {"kind": "t3", "data": {"approved_at_utc": null, "subreddit": "mcgill", "selftext": "Hey everyone,\n\nI've been really struggling with my mental health and keeping up with school. I've decided to start being more productive this week by taking my meds and talking to a therapist but this course is bringing me a lot of anxiety as I dont know what to do or how to start the assignment. It would be nice if I could reach out to someone in the class to ask some questions but I dont know anyone in the class. If you are taking this class and would like to help explain how to get started to me then that would be appreciated. If you don't have anything kind to say please ignore the post, hope you all have a wonderful day", "author_fullname": "t2_m2rertnk", "saved": false, "mod_reason_title": null, "gilded": 0, "clicked": false, "title": "ECSE427/COMP310 - Lost don't know how to start the assignment", "link_flair_richtext": [], "subreddit_name_prefixed": "r/mcgill", "hidden": false, "pwls": 6, "link_flair_css_class": null, "downs": 0, "top_awarded_type": null, "hide_score": false, "name": "t3_17p4xh6", "quarantine": false, "link_flair_text_color": "dark", "upvote_ratio": 0.7, "author_flair_background_color": "#94e044", "subreddit_type": "public", "ups": 4, "total_awards_received": 0, "media_embed": {}, "author_flair_template_id": "93986a50-c294-11ed-b1cb-9604acc8e41c", "is_original_content": false, "user_reports": [], "secure_media": null, "is_reddit_media_domain": false, "is_meta": false, "category": null, "secure_media_embed": {}, "link_flair_text": null, "can_mod_post": false, "score": 4, "approved_by": null, "is_created_from_ads_ui": false, "author_premium": false, "thumbnail": "", "edited": false, "author_flair_css_class": "newuser4", "author_flair_richtext": [{"e": "text", "t": "Reddit Freshman"}], "gildings": {}, "content_categories": null, "is_self": true, "mod_note": null, "created": 1699283570.0, "link_flair_type": "text", "wls": 6, "removed_by_category": null, "banned_by": null, "author_flair_type": "richtext", "domain": "self.mcgill", "allow_live_comments": false, "selftext_html": "&lt;!-- SC_OFF --&gt;&lt;div class=\"md\"&gt;&lt;p&gt;Hey everyone,&lt;/p&gt;\n\n&lt;p&gt;I&amp;#39;ve been really struggling with my mental health and keeping up with school. I&amp;#39;ve decided to start being more productive this week by taking my meds and talking to a therapist but this course is bringing me a lot of anxiety as I dont know what to do or how to start the assignment. It would be nice if I could reach out to someone in the class to ask some questions but I dont know anyone in the class. If you are taking this class and would like to help explain how to get started to me then that would be appreciated. If you don&amp;#39;t have anything kind to say please ignore the post, hope you all have a wonderful day&lt;/p&gt;\n&lt;/div&gt;&lt;!-- SC_ON --&gt;", "likes": null, "suggested_sort": null, "banned_at_utc": null, "view_count": null, "archived": false, "no_follow": false, "is_crosspostable": true, "pinned": false, "over_18": false, "all_awardings": [], "awarders": [], "media_only": false, "can_gild": false, "spoiler": false, "locked": false, "author_flair_text": "Reddit Freshman", "treatment_tags": [], "visited": false, "removed_by": null, "num_reports": null, "distinguished": null, "subreddit_id": "t5_2rhkw", "author_is_blocked": false, "mod_reason_by": null, "removal_reason": null, "link_flair_background_color": "", "id": "17p4xh6", "is_robot_indexable": true, "report_reasons": null, "author": "InteractionNo9393", "discussion_type": null, "num_comments": 5, "send_replies": true, "whitelist_status": "all_ads", "contest_mode": false, "mod_reports": [], "author_patreon_flair": false, "author_flair_text_color": "light", "permalink": "/r/mcgill/comments/17p4xh6/ecse427comp310_lost_dont_know_how_to_start_the/", "parent_whitelist_status": "all_ads", "stickied": false, "url": "https://www.reddit.com/r/mcgill/comments/17p4xh6/ecse427comp310_lost_dont_know_how_to_start_the/", "subreddit_subscribers": 56380, "created_utc": 1699283570.0, "num_crossposts": 0, "media": null, "is_video": false}}, {"kind": "t3", "data": {"approved_at_utc": null, "subreddit": "mcgill", "selftext": "International student here. Saw an old Reddit post asking the same question a few years ago with a lot of replies talking about how horrible the profs in the department were and the fact many of them didn\u2019t seem to want to be there.\n\nI\u2019m looking to pursue a masters in CS. More specifically, AI and its applications in neuroscience. A couple of papers I read in this intersection were from profs at McGill. It also seems like the entire region is some sort of hub for ML+neuroscience. McGill looks like a really cool place and I was considering applying here for the fall but don\u2019t really know anymore.", "author_fullname": "t2_87sozw0w", "saved": false, "mod_reason_title": null, "gilded": 0, "clicked": false, "title": "How is MSCS at Mcgill?", "link_flair_richtext": [], "subreddit_name_prefixed": "r/mcgill", "hidden": false, "pwls": 6, "link_flair_css_class": null, "downs": 0, "top_awarded_type": null, "hide_score": false, "name": "t3_17p3t5p", "quarantine": false, "link_flair_text_color": "dark", "upvote_ratio": 0.87, "author_flair_background_color": "#94e044", "subreddit_type": "public", "ups": 6, "total_awards_received": 0, "media_embed": {}, "author_flair_template_id": "93986a50-c294-11ed-b1cb-9604acc8e41c", "is_original_content": false, "user_reports": [], "secure_media": null, "is_reddit_media_domain": false, "is_meta": false, "category": null, "secure_media_embed": {}, "link_flair_text": null, "can_mod_post": false, "score": 6, "approved_by": null, "is_created_from_ads_ui": false, "author_premium": false, "thumbnail": "", "edited": false, "author_flair_css_class": "newuser4", "author_flair_richtext": [{"e": "text", "t": "Reddit Freshman"}], "gildings": {}, "content_categories": null, "is_self": true, "mod_note": null, "created": 1699280511.0, "link_flair_type": "text", "wls": 6, "removed_by_category": null, "banned_by": null, "author_flair_type": "richtext", "domain": "self.mcgill", "allow_live_comments": false, "selftext_html": "&lt;!-- SC_OFF --&gt;&lt;div class=\"md\"&gt;&lt;p&gt;International student here. Saw an old Reddit post asking the same question a few years ago with a lot of replies talking about how horrible the profs in the department were and the fact many of them didn\u2019t seem to want to be there.&lt;/p&gt;\n\n&lt;p&gt;I\u2019m looking to pursue a masters in CS. More specifically, AI and its applications in neuroscience. A couple of papers I read in this intersection were from profs at McGill. It also seems like the entire region is some sort of hub for ML+neuroscience. McGill looks like a really cool place and I was considering applying here for the fall but don\u2019t really know anymore.&lt;/p&gt;\n&lt;/div&gt;&lt;!-- SC_ON --&gt;", "likes": null, "suggested_sort": null, "banned_at_utc": null, "view_count": null, "archived": false, "no_follow": false, "is_crosspostable": true, "pinned": false, "over_18": false, "all_awardings": [], "awarders": [], "media_only": false, "can_gild": false, "spoiler": false, "locked": false, "author_flair_text": "Reddit Freshman", "treatment_tags": [], "visited": false, "removed_by": null, "num_reports": null, "distinguished": null, "subreddit_id": "t5_2rhkw", "author_is_blocked": false, "mod_reason_by": null, "removal_reason": null, "link_flair_background_color": "", "id": "17p3t5p", "is_robot_indexable": true, "report_reasons": null, "author": "Business_Heat3387", "discussion_type": null, "num_comments": 4, "send_replies": true, "whitelist_status": "all_ads", "contest_mode": false, "mod_reports": [], "author_patreon_flair": false, "author_flair_text_color": "light", "permalink": "/r/mcgill/comments/17p3t5p/how_is_mscs_at_mcgill/", "parent_whitelist_status": "all_ads", "stickied": false, "url": "https://www.reddit.com/r/mcgill/comments/17p3t5p/how_is_mscs_at_mcgill/", "subreddit_subscribers": 56380, "created_utc": 1699280511.0, "num_crossposts": 0, "media": null, "is_video": false}}, {"kind": "t3", "data": {"approved_at_utc": null, "subreddit": "mcgill", "selftext": "\nDoes anyone know how the sexual assault services are at McGill? Are they equipped to handle things like rape? What exactly is done in such a short 50 minute session?", "author_fullname": "t2_m9gqn1oa2", "saved": false, "mod_reason_title": null, "gilded": 0, "clicked": false, "title": "Sexual violence services", "link_flair_richtext": [], "subreddit_name_prefixed": "r/mcgill", "hidden": false, "pwls": 6, "link_flair_css_class": null, "downs": 0, "top_awarded_type": null, "hide_score": false, "name": "t3_17owjfg", "quarantine": false, "link_flair_text_color": "dark", "upvote_ratio": 0.97, "author_flair_background_color": "#94e044", "subreddit_type": "public", "ups": 22, "total_awards_received": 0, "media_embed": {}, "author_flair_template_id": "93986a50-c294-11ed-b1cb-9604acc8e41c", "is_original_content": false, "user_reports": [], "secure_media": null, "is_reddit_media_domain": false, "is_meta": false, "category": null, "secure_media_embed": {}, "link_flair_text": null, "can_mod_post": false, "score": 22, "approved_by": null, "is_created_from_ads_ui": false, "author_premium": false, "thumbnail": "", "edited": false, "author_flair_css_class": "newuser4", "author_flair_richtext": [{"e": "text", "t": "Reddit Freshman"}], "gildings": {}, "content_categories": null, "is_self": true, "mod_note": null, "created": 1699251842.0, "link_flair_type": "text", "wls": 6, "removed_by_category": null, "banned_by": null, "author_flair_type": "richtext", "domain": "self.mcgill", "allow_live_comments": false, "selftext_html": "&lt;!-- SC_OFF --&gt;&lt;div class=\"md\"&gt;&lt;p&gt;Does anyone know how the sexual assault services are at McGill? Are they equipped to handle things like rape? What exactly is done in such a short 50 minute session?&lt;/p&gt;\n&lt;/div&gt;&lt;!-- SC_ON --&gt;", "likes": null, "suggested_sort": null, "banned_at_utc": null, "view_count": null, "archived": false, "no_follow": false, "is_crosspostable": true, "pinned": false, "over_18": false, "all_awardings": [], "awarders": [], "media_only": false, "can_gild": false, "spoiler": false, "locked": false, "author_flair_text": "Reddit Freshman", "treatment_tags": [], "visited": false, "removed_by": null, "num_reports": null, "distinguished": null, "subreddit_id": "t5_2rhkw", "author_is_blocked": false, "mod_reason_by": null, "removal_reason": null, "link_flair_background_color": "", "id": "17owjfg", "is_robot_indexable": true, "report_reasons": null, "author": "arkansas-girl", "discussion_type": null, "num_comments": 14, "send_replies": true, "whitelist_status": "all_ads", "contest_mode": false, "mod_reports": [], "author_patreon_flair": false, "author_flair_text_color": "light", "permalink": "/r/mcgill/comments/17owjfg/sexual_violence_services/", "parent_whitelist_status": "all_ads", "stickied": false, "url": "https://www.reddit.com/r/mcgill/comments/17owjfg/sexual_violence_services/", "subreddit_subscribers": 56380, "created_utc": 1699251842.0, "num_crossposts": 0, "media": null, "is_video": false}}, {"kind": "t3", "data": {"approved_at_utc": null, "subreddit": "mcgill", "selftext": "no caps allowed.", "author_fullname": "t2_6l4z3", "saved": false, "mod_reason_title": null, "gilded": 0, "clicked": false, "title": "good news monday", "link_flair_richtext": [], "subreddit_name_prefixed": "r/mcgill", "collections": [{"permalink": "https://www.reddit.com/r/mcgill/collection/79557654-0c22-461f-840e-0363cc857b13", "link_ids": ["t3_z5mrsy", "t3_z5mq7v", "t3_zavm8l", "t3_x6s5w0", "t3_z77a34", "t3_z30rkn", "t3_10ad9c9", "t3_147eyw7", "t3_16flya5", "t3_16g5nfo", "t3_16j332z", "t3_16lltzi", "t3_16p0g3v", "t3_16riikt", "t3_16v1dkr", "t3_16xn7u4", "t3_1712mtj", "t3_173j6il", "t3_176pxk7", "t3_178xvhq", "t3_17c29vp", "t3_17ec971", "t3_17hf0ka", "t3_17jlgwt", "t3_17mmgsv", "t3_17ovt3d"], "description": "", "title": "r/mcgill Index", "created_at_utc": 1669508850.196, "subreddit_id": "t5_2rhkw", "author_name": "snowflake25911", "collection_id": "79557654-0c22-461f-840e-0363cc857b13", "author_id": "t2_uja6z", "last_update_utc": 1699248907.858, "display_layout": null}], "hidden": false, "pwls": 6, "link_flair_css_class": null, "downs": 0, "top_awarded_type": null, "hide_score": false, "name": "t3_17ovt3d", "quarantine": false, "link_flair_text_color": "dark", "upvote_ratio": 0.92, "author_flair_background_color": null, "subreddit_type": "public", "ups": 10, "total_awards_received": 0, "media_embed": {}, "author_flair_template_id": null, "is_original_content": false, "user_reports": [], "secure_media": null, "is_reddit_media_domain": false, "is_meta": false, "category": null, "secure_media_embed": {}, "link_flair_text": null, "can_mod_post": false, "score": 10, "approved_by": null, "is_created_from_ads_ui": false, "author_premium": true, "thumbnail": "", "edited": false, "author_flair_css_class": null, "author_flair_richtext": [], "gildings": {}, "content_categories": null, "is_self": true, "mod_note": null, "created": 1699248907.0, "link_flair_type": "text", "wls": 6, "removed_by_category": null, "banned_by": null, "author_flair_type": "text", "domain": "self.mcgill", "allow_live_comments": false, "selftext_html": "&lt;!-- SC_OFF --&gt;&lt;div class=\"md\"&gt;&lt;p&gt;no caps allowed.&lt;/p&gt;\n&lt;/div&gt;&lt;!-- SC_ON --&gt;", "likes": null, "suggested_sort": "new", "banned_at_utc": null, "view_count": null, "archived": false, "no_follow": false, "is_crosspostable": true, "pinned": false, "over_18": false, "all_awardings": [], "awarders": [], "media_only": false, "can_gild": false, "spoiler": false, "locked": false, "author_flair_text": null, "treatment_tags": [], "visited": false, "removed_by": null, "num_reports": null, "distinguished": null, "subreddit_id": "t5_2rhkw", "author_is_blocked": false, "mod_reason_by": null, "removal_reason": null, "link_flair_background_color": "", "id": "17ovt3d", "is_robot_indexable": true, "report_reasons": null, "author": "AutoModerator", "discussion_type": null, "num_comments": 13, "send_replies": true, "whitelist_status": "all_ads", "contest_mode": false, "mod_reports": [], "author_patreon_flair": false, "author_flair_text_color": null, "permalink": "/r/mcgill/comments/17ovt3d/good_news_monday/", "parent_whitelist_status": "all_ads", "stickied": false, "url": "https://www.reddit.com/r/mcgill/comments/17ovt3d/good_news_monday/", "subreddit_subscribers": 56380, "created_utc": 1699248907.0, "num_crossposts": 0, "media": null, "is_video": false}}, {"kind": "t3", "data": {"approved_at_utc": null, "subreddit": "mcgill", "selftext": "If your teacher doesn\u2019t specify if a quiz is open book if it\u2019s online on my courses (but in class), can you switch tabs to look at notes? Is my courses proctored?", "author_fullname": "t2_47qwja3n", "saved": false, "mod_reason_title": null, "gilded": 0, "clicked": false, "title": "Proctoring on my courses", "link_flair_richtext": [], "subreddit_name_prefixed": "r/mcgill", "hidden": false, "pwls": 6, "link_flair_css_class": null, "downs": 0, "top_awarded_type": null, "hide_score": false, "name": "t3_17ot7rd", "quarantine": false, "link_flair_text_color": "dark", "upvote_ratio": 1.0, "author_flair_background_color": "#94e044", "subreddit_type": "public", "ups": 3, "total_awards_received": 0, "media_embed": {}, "author_flair_template_id": "93986a50-c294-11ed-b1cb-9604acc8e41c", "is_original_content": false, "user_reports": [], "secure_media": null, "is_reddit_media_domain": false, "is_meta": false, "category": null, "secure_media_embed": {}, "link_flair_text": null, "can_mod_post": false, "score": 3, "approved_by": null, "is_created_from_ads_ui": false, "author_premium": false, "thumbnail": "", "edited": false, "author_flair_css_class": "newuser4", "author_flair_richtext": [{"e": "text", "t": "Reddit Freshman"}], "gildings": {}, "content_categories": null, "is_self": true, "mod_note": null, "created": 1699239713.0, "link_flair_type": "text", "wls": 6, "removed_by_category": null, "banned_by": null, "author_flair_type": "richtext", "domain": "self.mcgill", "allow_live_comments": false, "selftext_html": "&lt;!-- SC_OFF --&gt;&lt;div class=\"md\"&gt;&lt;p&gt;If your teacher doesn\u2019t specify if a quiz is open book if it\u2019s online on my courses (but in class), can you switch tabs to look at notes? Is my courses proctored?&lt;/p&gt;\n&lt;/div&gt;&lt;!-- SC_ON --&gt;", "likes": null, "suggested_sort": null, "banned_at_utc": null, "view_count": null, "archived": false, "no_follow": false, "is_crosspostable": true, "pinned": false, "over_18": false, "all_awardings": [], "awarders": [], "media_only": false, "can_gild": false, "spoiler": false, "locked": false, "author_flair_text": "Reddit Freshman", "treatment_tags": [], "visited": false, "removed_by": null, "num_reports": null, "distinguished": null, "subreddit_id": "t5_2rhkw", "author_is_blocked": false, "mod_reason_by": null, "removal_reason": null, "link_flair_background_color": "", "id": "17ot7rd", "is_robot_indexable": true, "report_reasons": null, "author": "olivia-loves-bagels", "discussion_type": null, "num_comments": 7, "send_replies": true, "whitelist_status": "all_ads", "contest_mode": false, "mod_reports": [], "author_patreon_flair": false, "author_flair_text_color": "light", "permalink": "/r/mcgill/comments/17ot7rd/proctoring_on_my_courses/", "parent_whitelist_status": "all_ads", "stickied": false, "url": "https://www.reddit.com/r/mcgill/comments/17ot7rd/proctoring_on_my_courses/", "subreddit_subscribers": 56380, "created_utc": 1699239713.0, "num_crossposts": 0, "media": null, "is_video": false}}, {"kind": "t3", "data": {"approved_at_utc": null, "subreddit": "mcgill", "selftext": "Hi there, I saw some posters around campus for tax services. Has anyone tried his service? How was it?", "author_fullname": "t2_83d64syt", "saved": false, "mod_reason_title": null, "gilded": 0, "clicked": false, "title": "Tax services posters?", "link_flair_richtext": [], "subreddit_name_prefixed": "r/mcgill", "hidden": false, "pwls": 6, "link_flair_css_class": null, "downs": 0, "top_awarded_type": null, "hide_score": false, "name": "t3_17ook66", "quarantine": false, "link_flair_text_color": "dark", "upvote_ratio": 0.75, "author_flair_background_color": "#94e044", "subreddit_type": "public", "ups": 2, "total_awards_received": 0, "media_embed": {}, "author_flair_template_id": "93986a50-c294-11ed-b1cb-9604acc8e41c", "is_original_content": false, "user_reports": [], "secure_media": null, "is_reddit_media_domain": false, "is_meta": false, "category": null, "secure_media_embed": {}, "link_flair_text": null, "can_mod_post": false, "score": 2, "approved_by": null, "is_created_from_ads_ui": false, "author_premium": false, "thumbnail": "", "edited": false, "author_flair_css_class": "newuser4", "author_flair_richtext": [{"e": "text", "t": "Reddit Freshman"}], "gildings": {}, "content_categories": null, "is_self": true, "mod_note": null, "created": 1699225902.0, "link_flair_type": "text", "wls": 6, "removed_by_category": null, "banned_by": null, "author_flair_type": "richtext", "domain": "self.mcgill", "allow_live_comments": false, "selftext_html": "&lt;!-- SC_OFF --&gt;&lt;div class=\"md\"&gt;&lt;p&gt;Hi there, I saw some posters around campus for tax services. Has anyone tried his service? How was it?&lt;/p&gt;\n&lt;/div&gt;&lt;!-- SC_ON --&gt;", "likes": null, "suggested_sort": null, "banned_at_utc": null, "view_count": null, "archived": false, "no_follow": false, "is_crosspostable": true, "pinned": false, "over_18": false, "all_awardings": [], "awarders": [], "media_only": false, "can_gild": false, "spoiler": false, "locked": false, "author_flair_text": "Reddit Freshman", "treatment_tags": [], "visited": false, "removed_by": null, "num_reports": null, "distinguished": null, "subreddit_id": "t5_2rhkw", "author_is_blocked": false, "mod_reason_by": null, "removal_reason": null, "link_flair_background_color": "", "id": "17ook66", "is_robot_indexable": true, "report_reasons": null, "author": "mattwhykes", "discussion_type": null, "num_comments": 2, "send_replies": true, "whitelist_status": "all_ads", "contest_mode": false, "mod_reports": [], "author_patreon_flair": false, "author_flair_text_color": "light", "permalink": "/r/mcgill/comments/17ook66/tax_services_posters/", "parent_whitelist_status": "all_ads", "stickied": false, "url": "https://www.reddit.com/r/mcgill/comments/17ook66/tax_services_posters/", "subreddit_subscribers": 56380, "created_utc": 1699225902.0, "num_crossposts": 0, "media": null, "is_video": false}}, {"kind": "t3", "data": {"approved_at_utc": null, "subreddit": "mcgill", "selftext": "Hey, \n\nTo anyone who has taken these psyc courses before, which would you recommend the most? How challenging would you say the courses were? \n\nThank youu\n\n&amp;#x200B;", "author_fullname": "t2_nq6r64a6", "saved": false, "mod_reason_title": null, "gilded": 0, "clicked": false, "title": "psyc 315, 331, or 333", "link_flair_richtext": [], "subreddit_name_prefixed": "r/mcgill", "hidden": false, "pwls": 6, "link_flair_css_class": null, "downs": 0, "top_awarded_type": null, "hide_score": false, "name": "t3_17ohiz4", "quarantine": false, "link_flair_text_color": "dark", "upvote_ratio": 1.0, "author_flair_background_color": "#94e044", "subreddit_type": "public", "ups": 8, "total_awards_received": 0, "media_embed": {}, "author_flair_template_id": "93986a50-c294-11ed-b1cb-9604acc8e41c", "is_original_content": false, "user_reports": [], "secure_media": null, "is_reddit_media_domain": false, "is_meta": false, "category": null, "secure_media_embed": {}, "link_flair_text": null, "can_mod_post": false, "score": 8, "approved_by": null, "is_created_from_ads_ui": false, "author_premium": false, "thumbnail": "", "edited": false, "author_flair_css_class": "newuser4", "author_flair_richtext": [{"e": "text", "t": "Reddit Freshman"}], "gildings": {}, "content_categories": null, "is_self": true, "mod_note": null, "created": 1699207081.0, "link_flair_type": "text", "wls": 6, "removed_by_category": null, "banned_by": null, "author_flair_type": "richtext", "domain": "self.mcgill", "allow_live_comments": false, "selftext_html": "&lt;!-- SC_OFF --&gt;&lt;div class=\"md\"&gt;&lt;p&gt;Hey, &lt;/p&gt;\n\n&lt;p&gt;To anyone who has taken these psyc courses before, which would you recommend the most? How challenging would you say the courses were? &lt;/p&gt;\n\n&lt;p&gt;Thank youu&lt;/p&gt;\n\n&lt;p&gt;&amp;#x200B;&lt;/p&gt;\n&lt;/div&gt;&lt;!-- SC_ON --&gt;", "likes": null, "suggested_sort": null, "banned_at_utc": null, "view_count": null, "archived": false, "no_follow": false, "is_crosspostable": true, "pinned": false, "over_18": false, "all_awardings": [], "awarders": [], "media_only": false, "can_gild": false, "spoiler": false, "locked": false, "author_flair_text": "Reddit Freshman", "treatment_tags": [], "visited": false, "removed_by": null, "num_reports": null, "distinguished": null, "subreddit_id": "t5_2rhkw", "author_is_blocked": false, "mod_reason_by": null, "removal_reason": null, "link_flair_background_color": "", "id": "17ohiz4", "is_robot_indexable": true, "report_reasons": null, "author": "hxbi305", "discussion_type": null, "num_comments": 5, "send_replies": true, "whitelist_status": "all_ads", "contest_mode": false, "mod_reports": [], "author_patreon_flair": false, "author_flair_text_color": "light", "permalink": "/r/mcgill/comments/17ohiz4/psyc_315_331_or_333/", "parent_whitelist_status": "all_ads", "stickied": false, "url": "https://www.reddit.com/r/mcgill/comments/17ohiz4/psyc_315_331_or_333/", "subreddit_subscribers": 56380, "created_utc": 1699207081.0, "num_crossposts": 0, "media": null, "is_video": false}}, {"kind": "t3", "data": {"approved_at_utc": null, "subreddit": "mcgill", "selftext": "I know most people would not end up reading this but just in case if it helps anyone in the future: DO NOT RENT 495 PRINCE ARTHUR.\n\n\\- The apartments that are generally in poor, unlivable condition. Our bathroom ceiling started leaking and falling in the middle of the night. \n\n\\- The landlord does not communicate with you via anything other than landline phone calls, so there is no textual proof (message, email) of anything that you write to them that can count as legally binding notice \n\n\\- On the other hand, his daughter (who shares the same last name as the landlord) claims to be a rental agent and will text you with what is expected of you but will refuse to accept anything that can count as a notice. She also tends to strong-arm tenants into giving in to her asks on a regular basis. \n\n\\- Left us freezing in one of the worse storms in Quebec's history in freezing cold so we had to sleep in our coats and buy heaters (that we could not seek compensation for)\n\n\\- They claim that they have given you forms normal tax forms that all landlords are legally obligated to give to their tenants and then if you did not receive them, they charge you exorbitant amount to hand over\n\n\\- They also own a bunch of buildings in and around the ghetto and elsewhere that can classify them as slum landlords. I know people end up renting from them because it is a student area and we do not have a lot of options but if you can, please do not. \n\n&amp;#x200B;\n\n&amp;#x200B;\n\n&amp;#x200B;", "author_fullname": "t2_a2deeaxxn", "saved": false, "mod_reason_title": null, "gilded": 0, "clicked": false, "title": "Do not rent 495 Prince Arthur", "link_flair_richtext": [], "subreddit_name_prefixed": "r/mcgill", "hidden": false, "pwls": 6, "link_flair_css_class": null, "downs": 0, "top_awarded_type": null, "hide_score": false, "name": "t3_17o5gza", "quarantine": false, "link_flair_text_color": "dark", "upvote_ratio": 0.99, "author_flair_background_color": null, "subreddit_type": "public", "ups": 101, "total_awards_received": 0, "media_embed": {}, "author_flair_template_id": null, "is_original_content": false, "user_reports": [], "secure_media": null, "is_reddit_media_domain": false, "is_meta": false, "category": null, "secure_media_embed": {}, "link_flair_text": null, "can_mod_post": false, "score": 101, "approved_by": null, "is_created_from_ads_ui": false, "author_premium": false, "thumbnail": "", "edited": false, "author_flair_css_class": null, "author_flair_richtext": [], "gildings": {}, "content_categories": null, "is_self": true, "mod_note": null, "created": 1699163350.0, "link_flair_type": "text", "wls": 6, "removed_by_category": null, "banned_by": null, "author_flair_type": "text", "domain": "self.mcgill", "allow_live_comments": false, "selftext_html": "&lt;!-- SC_OFF --&gt;&lt;div class=\"md\"&gt;&lt;p&gt;I know most people would not end up reading this but just in case if it helps anyone in the future: DO NOT RENT 495 PRINCE ARTHUR.&lt;/p&gt;\n\n&lt;p&gt;- The apartments that are generally in poor, unlivable condition. Our bathroom ceiling started leaking and falling in the middle of the night. &lt;/p&gt;\n\n&lt;p&gt;- The landlord does not communicate with you via anything other than landline phone calls, so there is no textual proof (message, email) of anything that you write to them that can count as legally binding notice &lt;/p&gt;\n\n&lt;p&gt;- On the other hand, his daughter (who shares the same last name as the landlord) claims to be a rental agent and will text you with what is expected of you but will refuse to accept anything that can count as a notice. She also tends to strong-arm tenants into giving in to her asks on a regular basis. &lt;/p&gt;\n\n&lt;p&gt;- Left us freezing in one of the worse storms in Quebec&amp;#39;s history in freezing cold so we had to sleep in our coats and buy heaters (that we could not seek compensation for)&lt;/p&gt;\n\n&lt;p&gt;- They claim that they have given you forms normal tax forms that all landlords are legally obligated to give to their tenants and then if you did not receive them, they charge you exorbitant amount to hand over&lt;/p&gt;\n\n&lt;p&gt;- They also own a bunch of buildings in and around the ghetto and elsewhere that can classify them as slum landlords. I know people end up renting from them because it is a student area and we do not have a lot of options but if you can, please do not. &lt;/p&gt;\n\n&lt;p&gt;&amp;#x200B;&lt;/p&gt;\n\n&lt;p&gt;&amp;#x200B;&lt;/p&gt;\n\n&lt;p&gt;&amp;#x200B;&lt;/p&gt;\n&lt;/div&gt;&lt;!-- SC_ON --&gt;", "likes": null, "suggested_sort": null, "banned_at_utc": null, "view_count": null, "archived": false, "no_follow": false, "is_crosspostable": true, "pinned": false, "over_18": false, "all_awardings": [], "awarders": [], "media_only": false, "can_gild": false, "spoiler": false, "locked": false, "author_flair_text": null, "treatment_tags": [], "visited": false, "removed_by": null, "num_reports": null, "distinguished": null, "subreddit_id": "t5_2rhkw", "author_is_blocked": false, "mod_reason_by": null, "removal_reason": null, "link_flair_background_color": "", "id": "17o5gza", "is_robot_indexable": true, "report_reasons": null, "author": "Comfortable-Tour1751", "discussion_type": null, "num_comments": 3, "send_replies": true, "whitelist_status": "all_ads", "contest_mode": false, "mod_reports": [], "author_patreon_flair": false, "author_flair_text_color": null, "permalink": "/r/mcgill/comments/17o5gza/do_not_rent_495_prince_arthur/", "parent_whitelist_status": "all_ads", "stickied": false, "url": "https://www.reddit.com/r/mcgill/comments/17o5gza/do_not_rent_495_prince_arthur/", "subreddit_subscribers": 56380, "created_utc": 1699163350.0, "num_crossposts": 0, "media": null, "is_video": false}}, {"kind": "t3", "data": {"approved_at_utc": null, "subreddit": "mcgill", "selftext": "Hey guys, I wanted to know if there any jam pads/ rooms I could book ( with drums, guitars, keys and amps) . I\u2019m not a music student and i haven\u2019t seen any so please let me know.", "author_fullname": "t2_dxc1nbvn", "saved": false, "mod_reason_title": null, "gilded": 0, "clicked": false, "title": "Jam room", "link_flair_richtext": [], "subreddit_name_prefixed": "r/mcgill", "hidden": false, "pwls": 6, "link_flair_css_class": null, "downs": 0, "top_awarded_type": null, "hide_score": false, "name": "t3_17o4r8q", "quarantine": false, "link_flair_text_color": "dark", "upvote_ratio": 0.92, "author_flair_background_color": "#cc5289", "subreddit_type": "public", "ups": 9, "total_awards_received": 0, "media_embed": {}, "author_flair_template_id": "bbbeba6c-3e13-11ed-b48c-9276e72235f0", "is_original_content": false, "user_reports": [], "secure_media": null, "is_reddit_media_domain": false, "is_meta": false, "category": null, "secure_media_embed": {}, "link_flair_text": null, "can_mod_post": false, "score": 9, "approved_by": null, "is_created_from_ads_ui": false, "author_premium": false, "thumbnail": "", "edited": false, "author_flair_css_class": "newuser3", "author_flair_richtext": [{"e": "text", "t": "Reddit Freshman"}], "gildings": {}, "content_categories": null, "is_self": true, "mod_note": null, "created": 1699160406.0, "link_flair_type": "text", "wls": 6, "removed_by_category": null, "banned_by": null, "author_flair_type": "richtext", "domain": "self.mcgill", "allow_live_comments": false, "selftext_html": "&lt;!-- SC_OFF --&gt;&lt;div class=\"md\"&gt;&lt;p&gt;Hey guys, I wanted to know if there any jam pads/ rooms I could book ( with drums, guitars, keys and amps) . I\u2019m not a music student and i haven\u2019t seen any so please let me know.&lt;/p&gt;\n&lt;/div&gt;&lt;!-- SC_ON --&gt;", "likes": null, "suggested_sort": null, "banned_at_utc": null, "view_count": null, "archived": false, "no_follow": false, "is_crosspostable": true, "pinned": false, "over_18": false, "all_awardings": [], "awarders": [], "media_only": false, "can_gild": false, "spoiler": false, "locked": false, "author_flair_text": "Reddit Freshman", "treatment_tags": [], "visited": false, "removed_by": null, "num_reports": null, "distinguished": null, "subreddit_id": "t5_2rhkw", "author_is_blocked": false, "mod_reason_by": null, "removal_reason": null, "link_flair_background_color": "", "id": "17o4r8q", "is_robot_indexable": true, "report_reasons": null, "author": "WeatherInfamous4944", "discussion_type": null, "num_comments": 4, "send_replies": true, "whitelist_status": "all_ads", "contest_mode": false, "mod_reports": [], "author_patreon_flair": false, "author_flair_text_color": "light", "permalink": "/r/mcgill/comments/17o4r8q/jam_room/", "parent_whitelist_status": "all_ads", "stickied": false, "url": "https://www.reddit.com/r/mcgill/comments/17o4r8q/jam_room/", "subreddit_subscribers": 56380, "created_utc": 1699160406.0, "num_crossposts": 0, "media": null, "is_video": false}}, {"kind": "t3", "data": {"approved_at_utc": null, "subreddit": "mcgill", "selftext": "I\u2019m a student a uoft potentially wanted to do a local exchange program at a school in Montreal. What\u2019s going on with the tuition problem I hear people talking about. Will that affect local exchange students?", "author_fullname": "t2_mgu3gdyi", "saved": false, "mod_reason_title": null, "gilded": 0, "clicked": false, "title": "What\u2019s going on with the tuition problem in Quebec?", "link_flair_richtext": [], "subreddit_name_prefixed": "r/mcgill", "hidden": false, "pwls": 6, "link_flair_css_class": null, "downs": 0, "top_awarded_type": null, "hide_score": false, "name": "t3_17o4q0z", "quarantine": false, "link_flair_text_color": "dark", "upvote_ratio": 0.66, "author_flair_background_color": "#94e044", "subreddit_type": "public", "ups": 12, "total_awards_received": 0, "media_embed": {}, "author_flair_template_id": "93986a50-c294-11ed-b1cb-9604acc8e41c", "is_original_content": false, "user_reports": [], "secure_media": null, "is_reddit_media_domain": false, "is_meta": false, "category": null, "secure_media_embed": {}, "link_flair_text": null, "can_mod_post": false, "score": 12, "approved_by": null, "is_created_from_ads_ui": false, "author_premium": false, "thumbnail": "", "edited": false, "author_flair_css_class": "newuser4", "author_flair_richtext": [{"e": "text", "t": "Reddit Freshman"}], "gildings": {}, "content_categories": null, "is_self": true, "mod_note": null, "created": 1699160258.0, "link_flair_type": "text", "wls": 6, "removed_by_category": null, "banned_by": null, "author_flair_type": "richtext", "domain": "self.mcgill", "allow_live_comments": false, "selftext_html": "&lt;!-- SC_OFF --&gt;&lt;div class=\"md\"&gt;&lt;p&gt;I\u2019m a student a uoft potentially wanted to do a local exchange program at a school in Montreal. What\u2019s going on with the tuition problem I hear people talking about. Will that affect local exchange students?&lt;/p&gt;\n&lt;/div&gt;&lt;!-- SC_ON --&gt;", "likes": null, "suggested_sort": null, "banned_at_utc": null, "view_count": null, "archived": false, "no_follow": false, "is_crosspostable": true, "pinned": false, "over_18": false, "all_awardings": [], "awarders": [], "media_only": false, "can_gild": false, "spoiler": false, "locked": false, "author_flair_text": "Reddit Freshman", "treatment_tags": [], "visited": false, "removed_by": null, "num_reports": null, "distinguished": null, "subreddit_id": "t5_2rhkw", "author_is_blocked": false, "mod_reason_by": null, "removal_reason": null, "link_flair_background_color": "", "id": "17o4q0z", "is_robot_indexable": true, "report_reasons": null, "author": "UsualFisherman710", "discussion_type": null, "num_comments": 20, "send_replies": true, "whitelist_status": "all_ads", "contest_mode": false, "mod_reports": [], "author_patreon_flair": false, "author_flair_text_color": "light", "permalink": "/r/mcgill/comments/17o4q0z/whats_going_on_with_the_tuition_problem_in_quebec/", "parent_whitelist_status": "all_ads", "stickied": false, "url": "https://www.reddit.com/r/mcgill/comments/17o4q0z/whats_going_on_with_the_tuition_problem_in_quebec/", "subreddit_subscribers": 56380, "created_utc": 1699160258.0, "num_crossposts": 0, "media": null, "is_video": false}}, {"kind": "t3", "data": {"approved_at_utc": null, "subreddit": "mcgill", "selftext": "I go to uni in Ontario, and there's geese everywhere. But when I visited McGill last week, not one goose could be found. Where did all your geese go? ", "author_fullname": "t2_s8hdr9v1", "saved": false, "mod_reason_title": null, "gilded": 0, "clicked": false, "title": "Where did all the geese go?", "link_flair_richtext": [], "subreddit_name_prefixed": "r/mcgill", "hidden": false, "pwls": 6, "link_flair_css_class": null, "downs": 0, "top_awarded_type": null, "hide_score": false, "name": "t3_17nyjx1", "quarantine": false, "link_flair_text_color": "dark", "upvote_ratio": 0.95, "author_flair_background_color": "#94e044", "subreddit_type": "public", "ups": 50, "total_awards_received": 0, "media_embed": {}, "author_flair_template_id": "93986a50-c294-11ed-b1cb-9604acc8e41c", "is_original_content": false, "user_reports": [], "secure_media": null, "is_reddit_media_domain": false, "is_meta": false, "category": null, "secure_media_embed": {}, "link_flair_text": null, "can_mod_post": false, "score": 50, "approved_by": null, "is_created_from_ads_ui": false, "author_premium": false, "thumbnail": "", "edited": false, "author_flair_css_class": "newuser4", "author_flair_richtext": [{"e": "text", "t": "Reddit Freshman"}], "gildings": {}, "content_categories": null, "is_self": true, "mod_note": null, "created": 1699140311.0, "link_flair_type": "text", "wls": 6, "removed_by_category": null, "banned_by": null, "author_flair_type": "richtext", "domain": "self.mcgill", "allow_live_comments": false, "selftext_html": "&lt;!-- SC_OFF --&gt;&lt;div class=\"md\"&gt;&lt;p&gt;I go to uni in Ontario, and there&amp;#39;s geese everywhere. But when I visited McGill last week, not one goose could be found. Where did all your geese go? &lt;/p&gt;\n&lt;/div&gt;&lt;!-- SC_ON --&gt;", "likes": null, "suggested_sort": null, "banned_at_utc": null, "view_count": null, "archived": false, "no_follow": false, "is_crosspostable": true, "pinned": false, "over_18": false, "all_awardings": [], "awarders": [], "media_only": false, "can_gild": false, "spoiler": false, "locked": false, "author_flair_text": "Reddit Freshman", "treatment_tags": [], "visited": false, "removed_by": null, "num_reports": null, "distinguished": null, "subreddit_id": "t5_2rhkw", "author_is_blocked": false, "mod_reason_by": null, "removal_reason": null, "link_flair_background_color": "", "id": "17nyjx1", "is_robot_indexable": true, "report_reasons": null, "author": "midwinter_stars", "discussion_type": null, "num_comments": 24, "send_replies": true, "whitelist_status": "all_ads", "contest_mode": false, "mod_reports": [], "author_patreon_flair": false, "author_flair_text_color": "light", "permalink": "/r/mcgill/comments/17nyjx1/where_did_all_the_geese_go/", "parent_whitelist_status": "all_ads", "stickied": false, "url": "https://www.reddit.com/r/mcgill/comments/17nyjx1/where_did_all_the_geese_go/", "subreddit_subscribers": 56380, "created_utc": 1699140311.0, "num_crossposts": 0, "media": null, "is_video": false}}, {"kind": "t3", "data": {"approved_at_utc": null, "subreddit": "mcgill", "selftext": "if it gets much worse than analysis/algebra 1 I don't know if I'm in for this ride \ud83d\ude2d", "author_fullname": "t2_lg1r6vfo", "saved": false, "mod_reason_title": null, "gilded": 0, "clicked": false, "title": "what's the hardest math course you've taken at McGill", "link_flair_richtext": [], "subreddit_name_prefixed": "r/mcgill", "hidden": false, "pwls": 6, "link_flair_css_class": null, "downs": 0, "top_awarded_type": null, "hide_score": false, "name": "t3_17nv74l", "quarantine": false, "link_flair_text_color": "dark", "upvote_ratio": 0.95, "author_flair_background_color": "#94e044", "subreddit_type": "public", "ups": 32, "total_awards_received": 0, "media_embed": {}, "author_flair_template_id": "93986a50-c294-11ed-b1cb-9604acc8e41c", "is_original_content": false, "user_reports": [], "secure_media": null, "is_reddit_media_domain": false, "is_meta": false, "category": null, "secure_media_embed": {}, "link_flair_text": null, "can_mod_post": false, "score": 32, "approved_by": null, "is_created_from_ads_ui": false, "author_premium": false, "thumbnail": "", "edited": false, "author_flair_css_class": "newuser4", "author_flair_richtext": [{"e": "text", "t": "Reddit Freshman"}], "gildings": {}, "content_categories": null, "is_self": true, "mod_note": null, "created": 1699131154.0, "link_flair_type": "text", "wls": 6, "removed_by_category": null, "banned_by": null, "author_flair_type": "richtext", "domain": "self.mcgill", "allow_live_comments": false, "selftext_html": "&lt;!-- SC_OFF --&gt;&lt;div class=\"md\"&gt;&lt;p&gt;if it gets much worse than analysis/algebra 1 I don&amp;#39;t know if I&amp;#39;m in for this ride \ud83d\ude2d&lt;/p&gt;\n&lt;/div&gt;&lt;!-- SC_ON --&gt;", "likes": null, "suggested_sort": null, "banned_at_utc": null, "view_count": null, "archived": false, "no_follow": false, "is_crosspostable": true, "pinned": false, "over_18": false, "all_awardings": [], "awarders": [], "media_only": false, "can_gild": false, "spoiler": false, "locked": false, "author_flair_text": "Reddit Freshman", "treatment_tags": [], "visited": false, "removed_by": null, "num_reports": null, "distinguished": null, "subreddit_id": "t5_2rhkw", "author_is_blocked": false, "mod_reason_by": null, "removal_reason": null, "link_flair_background_color": "", "id": "17nv74l", "is_robot_indexable": true, "report_reasons": null, "author": "Other-Somewhere1935", "discussion_type": null, "num_comments": 39, "send_replies": true, "whitelist_status": "all_ads", "contest_mode": false, "mod_reports": [], "author_patreon_flair": false, "author_flair_text_color": "light", "permalink": "/r/mcgill/comments/17nv74l/whats_the_hardest_math_course_youve_taken_at/", "parent_whitelist_status": "all_ads", "stickied": false, "url": "https://www.reddit.com/r/mcgill/comments/17nv74l/whats_the_hardest_math_course_youve_taken_at/", "subreddit_subscribers": 56380, "created_utc": 1699131154.0, "num_crossposts": 0, "media": null, "is_video": false}}, {"kind": "t3", "data": {"approved_at_utc": null, "subreddit": "mcgill", "selftext": "I\u2019m kinda panicking because I thought that I\u2019d be fine with the larger classes, but it\u2019s actually driving me insane and it\u2019s making me want to transfer to a different school. I keep hearing that classes get smaller but are we talking classes of 10 people or 60? I\u2019m probably going to do psych as a major. If I do that major, how large on average will my classes be next year and so on and so forth? Are there any psych majors that can attest to the size of psych classes later on?", "author_fullname": "t2_5tmj17y7", "saved": false, "mod_reason_title": null, "gilded": 0, "clicked": false, "title": "How large are upperclassmen classes?", "link_flair_richtext": [], "subreddit_name_prefixed": "r/mcgill", "hidden": false, "pwls": 6, "link_flair_css_class": null, "downs": 0, "top_awarded_type": null, "hide_score": false, "name": "t3_17nsv68", "quarantine": false, "link_flair_text_color": "dark", "upvote_ratio": 0.72, "author_flair_background_color": "#cc5289", "subreddit_type": "public", "ups": 9, "total_awards_received": 0, "media_embed": {}, "author_flair_template_id": "bbbeba6c-3e13-11ed-b48c-9276e72235f0", "is_original_content": false, "user_reports": [], "secure_media": null, "is_reddit_media_domain": false, "is_meta": false, "category": null, "secure_media_embed": {}, "link_flair_text": null, "can_mod_post": false, "score": 9, "approved_by": null, "is_created_from_ads_ui": false, "author_premium": false, "thumbnail": "", "edited": false, "author_flair_css_class": "newuser3", "author_flair_richtext": [{"e": "text", "t": "Reddit Freshman"}], "gildings": {}, "content_categories": null, "is_self": true, "mod_note": null, "created": 1699125062.0, "link_flair_type": "text", "wls": 6, "removed_by_category": null, "banned_by": null, "author_flair_type": "richtext", "domain": "self.mcgill", "allow_live_comments": false, "selftext_html": "&lt;!-- SC_OFF --&gt;&lt;div class=\"md\"&gt;&lt;p&gt;I\u2019m kinda panicking because I thought that I\u2019d be fine with the larger classes, but it\u2019s actually driving me insane and it\u2019s making me want to transfer to a different school. I keep hearing that classes get smaller but are we talking classes of 10 people or 60? I\u2019m probably going to do psych as a major. If I do that major, how large on average will my classes be next year and so on and so forth? Are there any psych majors that can attest to the size of psych classes later on?&lt;/p&gt;\n&lt;/div&gt;&lt;!-- SC_ON --&gt;", "likes": null, "suggested_sort": null, "banned_at_utc": null, "view_count": null, "archived": false, "no_follow": false, "is_crosspostable": true, "pinned": false, "over_18": false, "all_awardings": [], "awarders": [], "media_only": false, "can_gild": false, "spoiler": false, "locked": false, "author_flair_text": "Reddit Freshman", "treatment_tags": [], "visited": false, "removed_by": null, "num_reports": null, "distinguished": null, "subreddit_id": "t5_2rhkw", "author_is_blocked": false, "mod_reason_by": null, "removal_reason": null, "link_flair_background_color": "", "id": "17nsv68", "is_robot_indexable": true, "report_reasons": null, "author": "Kuranyeet", "discussion_type": null, "num_comments": 14, "send_replies": true, "whitelist_status": "all_ads", "contest_mode": false, "mod_reports": [], "author_patreon_flair": false, "author_flair_text_color": "light", "permalink": "/r/mcgill/comments/17nsv68/how_large_are_upperclassmen_classes/", "parent_whitelist_status": "all_ads", "stickied": false, "url": "https://www.reddit.com/r/mcgill/comments/17nsv68/how_large_are_upperclassmen_classes/", "subreddit_subscribers": 56380, "created_utc": 1699125062.0, "num_crossposts": 0, "media": null, "is_video": false}}, {"kind": "t3", "data": {"approved_at_utc": null, "subreddit": "mcgill", "selftext": "Have invitations for the Montreal regional interviews been sent out yet?", "author_fullname": "t2_92mcp1t4", "saved": false, "mod_reason_title": null, "gilded": 0, "clicked": false, "title": "McCall macbain Montreal interview", "link_flair_richtext": [], "subreddit_name_prefixed": "r/mcgill", "hidden": false, "pwls": 6, "link_flair_css_class": null, "downs": 0, "top_awarded_type": null, "hide_score": false, "name": "t3_17nqlf5", "quarantine": false, "link_flair_text_color": "dark", "upvote_ratio": 0.81, "author_flair_background_color": "#7193ff", "subreddit_type": "public", "ups": 3, "total_awards_received": 0, "media_embed": {}, "author_flair_template_id": "ab1afd12-37a9-11ed-befc-b2eab6706767", "is_original_content": false, "user_reports": [], "secure_media": null, "is_reddit_media_domain": false, "is_meta": false, "category": null, "secure_media_embed": {}, "link_flair_text": null, "can_mod_post": false, "score": 3, "approved_by": null, "is_created_from_ads_ui": false, "author_premium": false, "thumbnail": "", "edited": false, "author_flair_css_class": "newuser2", "author_flair_richtext": [{"e": "text", "t": "Reddit Freshman"}], "gildings": {}, "content_categories": null, "is_self": true, "mod_note": null, "created": 1699118890.0, "link_flair_type": "text", "wls": 6, "removed_by_category": null, "banned_by": null, "author_flair_type": "richtext", "domain": "self.mcgill", "allow_live_comments": false, "selftext_html": "&lt;!-- SC_OFF --&gt;&lt;div class=\"md\"&gt;&lt;p&gt;Have invitations for the Montreal regional interviews been sent out yet?&lt;/p&gt;\n&lt;/div&gt;&lt;!-- SC_ON --&gt;", "likes": null, "suggested_sort": null, "banned_at_utc": null, "view_count": null, "archived": false, "no_follow": false, "is_crosspostable": true, "pinned": false, "over_18": false, "all_awardings": [], "awarders": [], "media_only": false, "can_gild": false, "spoiler": false, "locked": false, "author_flair_text": "Reddit Freshman", "treatment_tags": [], "visited": false, "removed_by": null, "num_reports": null, "distinguished": null, "subreddit_id": "t5_2rhkw", "author_is_blocked": false, "mod_reason_by": null, "removal_reason": null, "link_flair_background_color": "", "id": "17nqlf5", "is_robot_indexable": true, "report_reasons": null, "author": "almondmilk5", "discussion_type": null, "num_comments": 1, "send_replies": true, "whitelist_status": "all_ads", "contest_mode": false, "mod_reports": [], "author_patreon_flair": false, "author_flair_text_color": "light", "permalink": "/r/mcgill/comments/17nqlf5/mccall_macbain_montreal_interview/", "parent_whitelist_status": "all_ads", "stickied": false, "url": "https://www.reddit.com/r/mcgill/comments/17nqlf5/mccall_macbain_montreal_interview/", "subreddit_subscribers": 56380, "created_utc": 1699118890.0, "num_crossposts": 0, "media": null, "is_video": false}}, {"kind": "t3", "data": {"approved_at_utc": null, "subreddit": "mcgill", "selftext": "", "author_fullname": "t2_14vjra", "saved": false, "mod_reason_title": null, "gilded": 0, "clicked": false, "title": "It is open season on Quebec\u2019s anglophones", "link_flair_richtext": [], "subreddit_name_prefixed": "r/mcgill", "hidden": false, "pwls": 6, "link_flair_css_class": null, "downs": 0, "top_awarded_type": null, "hide_score": false, "name": "t3_17nn8ge", "quarantine": false, "link_flair_text_color": "dark", "upvote_ratio": 0.72, "author_flair_background_color": "#94e044", "subreddit_type": "public", "ups": 76, "total_awards_received": 0, "media_embed": {}, "author_flair_template_id": "93986a50-c294-11ed-b1cb-9604acc8e41c", "is_original_content": false, "user_reports": [], "secure_media": null, "is_reddit_media_domain": false, "is_meta": false, "category": null, "secure_media_embed": {}, "link_flair_text": null, "can_mod_post": false, "score": 76, "approved_by": null, "is_created_from_ads_ui": false, "author_premium": false, "thumbnail": "", "edited": false, "author_flair_css_class": "newuser4", "author_flair_richtext": [{"e": "text", "t": "Reddit Freshman"}], "gildings": {}, "content_categories": null, "is_self": false, "mod_note": null, "created": 1699109358.0, "link_flair_type": "text", "wls": 6, "removed_by_category": null, "banned_by": null, "author_flair_type": "richtext", "domain": "hilltimes.com", "allow_live_comments": false, "selftext_html": null, "likes": null, "suggested_sort": null, "banned_at_utc": null, "url_overridden_by_dest": "https://www.hilltimes.com/story/2023/11/01/it-is-open-season-on-quebecs-anglophones/401606/", "view_count": null, "archived": false, "no_follow": false, "is_crosspostable": true, "pinned": false, "over_18": false, "all_awardings": [], "awarders": [], "media_only": false, "can_gild": false, "spoiler": false, "locked": false, "author_flair_text": "Reddit Freshman", "treatment_tags": [], "visited": false, "removed_by": null, "num_reports": null, "distinguished": null, "subreddit_id": "t5_2rhkw", "author_is_blocked": false, "mod_reason_by": null, "removal_reason": null, "link_flair_background_color": "", "id": "17nn8ge", "is_robot_indexable": true, "report_reasons": null, "author": "Snooniversity", "discussion_type": null, "num_comments": 71, "send_replies": true, "whitelist_status": "all_ads", "contest_mode": false, "mod_reports": [], "author_patreon_flair": false, "author_flair_text_color": "light", "permalink": "/r/mcgill/comments/17nn8ge/it_is_open_season_on_quebecs_anglophones/", "parent_whitelist_status": "all_ads", "stickied": false, "url": "https://www.hilltimes.com/story/2023/11/01/it-is-open-season-on-quebecs-anglophones/401606/", "subreddit_subscribers": 56380, "created_utc": 1699109358.0, "num_crossposts": 0, "media": null, "is_video": false}}], "before": null}}