[{"source": {"id": "cnn", "name": "CNN"}, "author": "Nicole Goodkind", "title": "Social Security gains came back to earth. What that means for the economy", "description": "Social Security benefits pump a large chunk of change into the US economy -- with about $1.4 trillion going to more than 67 million Americans last year alone.", "url": "https://www.cnn.com/2023/10/16/investing/premarket-stocks-trading/index.html", "urlToImage": "https://media.cnn.com/api/v1/images/stellar/prod/231011134430-social-security-boost-2024.jpg?c=16x9&q=w_800,c_fill", "publishedAt": "2023-10-16T10:39:31Z", "content": "Social Security benefits pump a large chunk of change into the US economy with about $1.4 trillion going to more than 67 million Americans last year alone.\r\nThe program, equivalent to 5% of the count\u2026 [+7843 chars]"}, {"source": {"id": null, "name": "Los Angeles Times"}, "author": "August Brown", "title": "The steel-and-concrete co-star of the Taylor Swift 'Eras' movie? Inglewood's SoFi Stadium", "description": "In a few years, SoFi Stadium has been the site of a historic Super Bowl halftime show, a Weeknd concert doc and now, the top-grossing concert film of all time.", "url": "https://www.latimes.com/entertainment-arts/music/story/2023-10-16/sofi-stadium-taylor-swift-eras-tour-weeknd-beyonce", "urlToImage": "https://ca-times.brightspotcdn.com/dims4/default/1b31779/2147483647/strip/true/crop/5000x2625+0+356/resize/1200x630!/quality/75/?url=https%3A%2F%2Fcalifornia-times-brightspot.s3.amazonaws.com%2Fd2%2Fc2%2F45ae34644499b02720c7790d72ea%2Fgettyimages-1604947664.jpg", "publishedAt": "2023-10-16T10:00:10Z", "content": "The highest-grossing concert film in history begins not with a shot of the star performer or an ocean of adoring fans but with a drone shot of a rooftop: SoFi Stadium in Inglewood.\r\nCompared to the r\u2026 [+6249 chars]"}, {"source": {"id": null, "name": "esquire.com"}, "author": "Sophie Vershbow", "title": "Inside Fran Lebowitz's Digitally Unbothered Life", "description": "The author and iconoclast doesn't have an email address, but she does have a lot to say about fandom, the writer\u2019s strike, the comfort of her own mind, and much more.", "url": "https://www.esquire.com/entertainment/books/a45511496/fran-lebowitz-interview/", "urlToImage": "https://hips.hearstapps.com/hmg-prod/images/fran-lebowitz-2mb-vers-credit-and-copyright-brigitte-lacombe-6526da57125ff.jpeg?crop=1.00xw:0.499xh;0,0.0526xh&resize=1200:*", "publishedAt": "2023-10-16T10:00:00Z", "content": "When I wrote New York Person at the top of my Instagram bio years ago, I only had one New York Person in mind: Fran Lebowitz. And while I recognize the irony of mentioning my Instagram account as I i\u2026 [+12899 chars]"}, {"source": {"id": null, "name": "CBM (Comic Book Movie)"}, "author": "JoshWilding", "title": "MIGRATION: Trailer For Illumination's Next Movie Features \"Out of the Woods (Taylor's Version)\"", "description": "Illumination, fresh off the success of The Super Mario Bros. Movie, will release Migration later this year, and a new trailer for the movie is attracting attention for its inclusion of a Taylor Swift song!", "url": "https://comicbookmovie.com/animated-features/migration-trailer-for-illuminations-next-movie-features-out-of-the-woods-taylors-version-a207233", "urlToImage": "https://i.ibb.co/3hhRXdc/Screenshot-2023-10-16-at-10-52-16-copy.jpg", "publishedAt": "2023-10-16T09:53:34Z", "content": "Illumination, the studio behind critical and commercial hits like Despicable Me, Minions, and The Super Mario Bros. Movie., has shared\u00a0a new trailer for Migration\u00a0(via Toonado.com).\r\nWhile the sneak \u2026 [+2583 chars]"}, {"source": {"id": null, "name": "Biztoc.com"}, "author": "thestreet.com", "title": "Taylor Swift 'Eras Tour' Film smashes box office records but can't lift AMC", "description": "Get Free Report shares edged lower in pre-market trading despite data suggesting that Taylor Swift: The Eras Tour movie generated nearly $100 million in box office receipts over the weekend, making it the highest-grossing concert film on record. The film, whi\u2026", "url": "https://biztoc.com/x/04eb57200b3cddb8", "urlToImage": "https://c.biztoc.com/p/04eb57200b3cddb8/s.webp", "publishedAt": "2023-10-16T09:52:10Z", "content": "Get Free Report shares edged lower in pre-market trading despite data suggesting that Taylor Swift: The Eras Tour movie generated nearly $100 million in box office receipts over the weekend, making i\u2026 [+301 chars]"}, {"source": {"id": null, "name": "Biztoc.com"}, "author": "omny.fm", "title": "Latest on Israel; Taylor Swift Box Office Gold", "description": "Your morning briefing. The news you need in just 15 minutes. On today's podcast: 1) Blinken Returns to Tel Aviv in Bid to Contain War 2) House Republicans try again to elect a new Speaker 3) Taylor Swift Tour Movie Sets Record for Concert Film Debut See omnys\u2026", "url": "https://biztoc.com/x/690510e6601ab6ba", "urlToImage": "https://c.biztoc.com/p/690510e6601ab6ba/s.webp", "publishedAt": "2023-10-16T09:44:22Z", "content": "Your morning briefing. The news you need in just 15 minutes. On today's podcast:1) Blinken Returns to Tel Aviv in Bid to Contain War2) House Republicans try again to elect a new Speaker3) Taylor Swif\u2026 [+175 chars]"}, {"source": {"id": null, "name": "Biztoc.com"}, "author": "businessinsider.com", "title": "Taylor Swift gives the US economy another boost as \"The Eras Tour\" film breaks box-office records on its opening weekend", "description": "Taylor Swift attends the Los Angeles premiere of \"Taylor Swift: The Eras Tour.\" Valerie Macon/AFP via Getty Images \"Taylor Swift: The Eras Tour\" broke a concert-film box-office record on its opening weekend. The movie pulled in $95 million to $97 million wort\u2026", "url": "https://biztoc.com/x/bf813ce3986a3e6c", "urlToImage": "https://c.biztoc.com/p/bf813ce3986a3e6c/s.webp", "publishedAt": "2023-10-16T09:32:10Z", "content": "Taylor Swift attends the Los Angeles premiere of \"Taylor Swift: The Eras Tour.\"Valerie Macon/AFP via Getty Images\"Taylor Swift: The Eras Tour\" broke a concert-film box-office record on its opening we\u2026 [+329 chars]"}, {"source": {"id": null, "name": "Omny.fm"}, "author": "Bloomberg", "title": "Latest on Israel; Taylor Swift Box Office Gold", "description": "Your morning briefing. The news you need in just 15 minutes. On today's podcast:\n1) Blinken Returns to Tel Aviv in Bid to Contain War\n2) House Republicans try again to elect a new Speaker\n3) Taylor Swift Tour Movie Sets Record for Concert Film Debut\u00a0See omnys\u2026", "url": "https://omny.fm/shows/bloomberg-daybreak/latest-on-israel-taylor-swift-box-office-gold", "urlToImage": "https://omny.fm/shows/bloomberg-daybreak/latest-on-israel-taylor-swift-box-office-gold/image.jpg?t=1673277911&size=wideShare", "publishedAt": "2023-10-16T09:29:34Z", "content": "Your morning briefing. The news you need in just 15 minutes. On today's podcast:\r\n1) Blinken Returns to Tel Aviv in Bid to Contain War\r\n2) House Republicans try again to elect a new Speaker\r\n3) Taylo\u2026 [+52 chars]"}, {"source": {"id": "business-insider", "name": "Business Insider"}, "author": "gglover@insider.com (George Glover)", "title": "Taylor Swift gives the US economy another boost as \"The Eras Tour\" film breaks box-office records on its opening weekend", "description": "Swift's tour has given the US economy a big boost in 2023, with even the Federal Reserve noting its impact.", "url": "https://www.businessinsider.com/taylor-swift-eras-tour-box-office-records-beyonce-barbie-oppenheimer-2023-10", "urlToImage": "https://i.insider.com/652cf1f68bed706e837cf260?width=1200&format=jpeg", "publishedAt": "2023-10-16T09:13:08Z", "content": "Taylor Swift continued to give the US economy a much-needed boost, with the singer's new movie setting a new box-office record.\r\n\"Taylor Swift: The Eras Tour\" earned between $95 million and $97 milli\u2026 [+1696 chars]"}, {"source": {"id": null, "name": "Biztoc.com"}, "author": "nytimes.com", "title": "After \u2018Taylor Swift: The Eras Tour,\u2019 Stream These 8 Great Concert Movies", "description": "Taylor Swift on opening night of the Eras Tour, which is now the subject of a new movie. If you saw \u201cTaylor Swift: The Eras Tour\u201d in a theater and enjoyed the vicarious thrill of watching a concert onscreen, here are eight more films of live shows \u2014 picked by\u2026", "url": "https://biztoc.com/x/1b2f51896745d8fc", "urlToImage": "https://c.biztoc.com/p/1b2f51896745d8fc/s.webp", "publishedAt": "2023-10-16T09:08:27Z", "content": "Taylor Swift on opening night of the Eras Tour, which is now the subject of a new movie.If you saw Taylor Swift: The Eras Tour in a theater and enjoyed the vicarious thrill of watching a concert onsc\u2026 [+299 chars]"}, {"source": {"id": null, "name": "Knowyourmeme.com"}, "author": "sakshi", "title": "Taylor Swift's Eras Tour Movie", "description": "Taylor Swift's Eras Tour Movie is the 2023 American concert film produced by singer-songwriter Taylor Swift and directed by Sam Wrench. The film documents various performances from Swift's hugely successful 2023 \"Era's Tour,\" and was released worldwide on Oct\u2026", "url": "https://knowyourmeme.com/memes/subcultures/taylor-swifts-eras-tour-movie", "urlToImage": "https://i.kym-cdn.com/entries/icons/original/000/046/893/tswift_eras_tourrrr.jpg", "publishedAt": "2023-10-16T08:15:24Z", "content": "About\r\nTaylor Swift's Eras Tour Movie is the 2023 American concert film produced by singer-songwriter Taylor Swift and directed by Sam Wrench. The film documents various performances from Swift's hug\u2026 [+2635 chars]"}, {"source": {"id": null, "name": "Slashdot.org"}, "author": "feedfeeder", "title": "Taylor Swift's Eras Tour concert movie shatters box office records on opening weekend - Axios", "description": "Taylor Swift's Eras Tour concert movie shatters box office records on opening weekendAxios Taylor Swift Eras Tour is the highest-grossing domestic concert film everCNBC Taylor Swift | The Eras Tour Review: Taylor Swift's Extraordinary Stage Performance Deserv\u2026", "url": "https://slashdot.org/firehose.pl?op=view&amp;id=172025015", "urlToImage": null, "publishedAt": "2023-10-16T06:13:10Z", "content": "Sign up for the Slashdot newsletter! OR check out the new Slashdot job board to browse remote jobs or jobs in your areaDo you develop on GitHub? You can keep using GitHub but automatically sync your \u2026 [+268 chars]"}, {"source": {"id": null, "name": "New York Post"}, "author": "Richard Pollina", "title": "Taylor Swift and Travis Kelce enjoy romantic night in NYC following \u2018The Eras Tour\u2019 major box office success", "description": "The pair had plenty to celebrate following their\u00a0surprise appearance on \u201cSaturday Night Live\u201d a day earlier and the success of Swift\u2019s concert film -- estimated to have brought in astronomical numbers at the box office.", "url": "https://nypost.com/2023/10/16/taylor-swift-and-travis-kelce-enjoy-romantic-night-in-nyc-following-the-eras-tour-major-box-office-success/", "urlToImage": "https://nypost.com/wp-content/uploads/sites/2/2023/10/Untitled-01-1-1.jpg?quality=75&strip=all&w=1024", "publishedAt": "2023-10-16T05:45:11Z", "content": "Americas favorite new couple again hit the town for a romantic evening in New York City.\r\nTaylor Swift and Travis Kelce were all smiles as they were spotted holding hands while exiting The Waverly In\u2026 [+3391 chars]"}, {"source": {"id": null, "name": "Fast Company"}, "author": "Michael Grothaus", "title": "Which streaming service will get \u2018Taylor Swift: The Eras Tour,\u2019 Apple, Disney, Netflix, or Amazon?", "description": "With the Barbenheimer phenomenon long behind us, the film industry\u2019s last great hope for box office success in 2023: Taylor Swift: The Eras Tour.\n\n\n\nWhat\u2019s unique about this film is that until August, few knew it would even exist. Taylor Swift\u2019s live Eras Tou\u2026", "url": "https://www.fastcompany.com/90961664/taylor-swift-eras-tour-streaming-apple-disney-netflix-amazon", "urlToImage": "https://images.fastcompany.net/image/upload/w_1280,f_auto,q_auto,fl_lossy/wp-cms/uploads/2023/10/p-1-90961664-taylor-swift-streaming.jpg", "publishedAt": "2023-10-16T05:00:00Z", "content": "With the Barbenheimer phenomenon long behind us, the film industry\u2019s last great hope for box office success in 2023: Taylor Swift: The Eras Tour.\r\nWhat\u2019s unique about this film is that until August, \u2026 [+6799 chars]"}, {"source": {"id": null, "name": "[Removed]"}, "author": null, "title": "[Removed]", "description": "[Removed]", "url": "https://removed.com", "urlToImage": null, "publishedAt": "1970-01-01T00:00:00Z", "content": "[Removed]"}, {"source": {"id": "the-times-of-india", "name": "The Times of India"}, "author": "AP", "title": "Taylor Swift's 'The Eras Tour' concert movie eyes 'Joker' film record after dominating US box-office with $130 million debut", "description": "Taylor Swift's concert film, 'Taylor Swift: The Eras Tour,' had a massive debut, earning between $95 million and $97 million in North America, making it the biggest opening for a concert film of all time.", "url": "https://economictimes.indiatimes.com/magazines/panache/taylor-swifts-the-eras-tour-concert-movie-eyes-joker-film-record-after-dominating-us-box-office-with-130-million-debut/articleshow/104452972.cms", "urlToImage": "https://img.etimg.com/thumb/msid-104453725,width-1200,height-630,imgsize-66116,overlay-etpanache/photo.jpg", "publishedAt": "2023-10-16T02:25:28Z", "content": "Movie theatres turned into concert venues this weekend as Swifties brought their dance moves and friendship bracelets to multiplexes across the country. The unparalleled enthusiasm helped propel 'Tay\u2026 [+6437 chars]"}, {"source": {"id": null, "name": "Screen Rant"}, "author": "Hannah Gearan", "title": "Taylor Swift Is The Next Steven Spielberg? Director Weighs In On Singer's Movie Future", "description": "Director Shawn Levy likens Taylor Swift to legendary director Steven Spielberg, saying the musician has &quot;the makings of a hell of a director.&quot;", "url": "https://screenrant.com/taylor-swift-directing-steven-spielberg-comparison-levy-response/", "urlToImage": "https://static1.srcdn.com/wordpress/wp-content/uploads/2023/10/untitled-design-14-2.jpg", "publishedAt": "2023-10-16T02:18:23Z", "content": "Summary\r\n<ul><li> Director Shawn Levy praises Taylor Swift's potential as a director, comparing her to Steven Spielberg, citing her strong instinct and vision for her creative work. </li><li> While S\u2026 [+3191 chars]"}, {"source": {"id": null, "name": "Biztoc.com"}, "author": "mediapost.com", "title": "Taylor Swift 'Eras Tour' Breaks Concert Film Record, With 'Tremendous' Social Media Impact", "description": "Continuing the strong pull in movie-theater business among female consumers starting this past summer with \u201cBarbie,\u201d AMC Entertainment and Variance Films\u2019 \u201cTaylor Swift: The Eras Tour\u201d posted $96 million in U.S. box-office revenues, according to Comscore -- t\u2026", "url": "https://biztoc.com/x/1b024429b9d8377d", "urlToImage": "https://c.biztoc.com/p/1b024429b9d8377d/s.webp", "publishedAt": "2023-10-16T02:00:12Z", "content": "Continuing the strong pull in movie-theater business among female consumers starting this past summer with Barbie, AMC Entertainment and Variance Films Taylor Swift: The Eras Tour posted $96 million \u2026 [+313 chars]"}, {"source": {"id": null, "name": "The Daily Dot"}, "author": "Charlotte Colombo", "title": "\u2018We attached the handles on 600 buckets\u2019: Cineplex worker has to assemble Taylor Swift popcorn buckets for \u2018Eras\u2019 film one by one", "description": "Just when you thought the madness of the \"Eras\" tour was over, a filmed version of the Taylor Swift must-see concert made its way to movie theaters.\n\n\nSince its release, the film has already shot to the top of the English box office and had fans singing, danc\u2026", "url": "https://www.dailydot.com/news/cineplex-worker-taylor-swift-popcorn-buckets/", "urlToImage": "https://uploads.dailydot.com/2023/10/Taylor-Swift-Bucket.jpg?auto=compress&fm=pjpg", "publishedAt": "2023-10-16T01:54:37Z", "content": "Just when you thought the madness of the \u201cEras\u201d tour was over, a filmed version of the Taylor Swift must-see concert made its way to movie theaters.\r\nSince its release, the film has already shot to t\u2026 [+2430 chars]"}, {"source": {"id": "abc-news-au", "name": "ABC News (AU)"}, "author": "Mawunyo Gbogbo", "title": "'Unprecedented': Taylor Swift debuts at number one at the US box office with The Eras Tour film", "description": "With positive reviews from audiences and critics, Taylor Swift: The Eras Tour is set to continue its upward trajectory after coming in at number one at cinemas in North America.", "url": "https://www.abc.net.au/news/2023-10-16/taylor-swift-box-office-number-one-debut-opening-weekend-stats/102981452", "urlToImage": "https://live-production.wcms.abc-cdn.net.au/991922d5a5641b0f9f2ec6c2ec5cad4d?impolicy=wcms_crop_resize&cropH=1284&cropW=2282&xPos=0&yPos=0&width=862&height=485", "publishedAt": "2023-10-16T01:13:47Z", "content": "When tickets went on sale in Australia for Taylor Swift's The Eras Tour, Swifties who couldn't get tickets went into meltdown mode.\r\nKey points:\r\n<ul><li>Taylor Swift: The Eras Tour has debuted at nu\u2026 [+3073 chars]"}, {"source": {"id": null, "name": "Livejournal.com"}, "author": "polynucleotide", "title": "Weekend Box Office: The Eras Tour", "description": "Taylor Swift's 'Eras Tour' Powers to $126 Million to $130 Million in Global Box Office Debut https://t.co/2qn46Jj9Do\r\n\u2014 Variety (@Variety) October 15, 2023Taylor Swift's The Era's Tour concert film opened this weekend to a big-time $95-97 million. It's still \u2026", "url": "https://ohnotheydidnt.livejournal.com/127046380.html", "urlToImage": "https://l-stat.livejournal.net/img/sign.png", "publishedAt": "2023-10-15T23:51:08Z", "content": "Taylor Swift's 'Eras Tour' Powers to $126 Million to $130 Million in Global Box Office Debut https://t.co/2qn46Jj9Do\r\n\u2014 Variety (@Variety) October 15, 2023\r\nTaylor Swift's The Era's Tour concert film\u2026 [+1254 chars]"}, {"source": {"id": null, "name": "VOA News"}, "author": "webdesk@voanews.com (Associated Press)", "title": "Taylor Swift's 'The Eras Tour' Dances to No. 1 at Box Office", "description": "Movie theaters turned into concert venues this weekend as Swifties brought their dance moves and friendship bracelets to multiplexes across the country. The unparalleled enthusiasm helped propel \"Taylor Swift: The Eras Tour\" to a massive, first place debut be\u2026", "url": "https://www.voanews.com/a/taylor-swift-s-the-eras-tour-dances-to-no-1-at-box-office/7312017.html", "urlToImage": "https://gdb.voanews.com/01000000-0aff-0242-64ac-08dbcdd5dcff_w1200_r1.jpg", "publishedAt": "2023-10-15T23:46:02Z", "content": "Movie theaters turned into concert venues this weekend as Swifties brought their dance moves and friendship bracelets to multiplexes across the country. The unparalleled enthusiasm helped propel \"Tay\u2026 [+6462 chars]"}, {"source": {"id": "entertainment-weekly", "name": "Entertainment Weekly"}, "author": "Lester Fabian Brathwaite", "title": "Taylor Swift: The Eras Tour tops box office", "description": "Taylor Swift: The Eras Tour tops box officeew.com", "url": "https://ew.com/movies/taylor-swift-eras-tour-concert-film-tops-box-office-breaks-global-record/", "urlToImage": "https://imagesvc.meredithcorp.io/v3/mm/image?q=60&c=sc&poi=%5B860%2C53%5D&w=2000&h=1000&url=https%3A%2F%2Fstatic.onecms.io%2Fwp-content%2Fuploads%2Fsites%2F6%2F2023%2F10%2F10%2FTaylor-Swift-The-Eras-Tour-101023-2.jpg", "publishedAt": "2023-10-15T23:10:47Z", "content": "Superheros have been having diminishing returns as of late, but none are quite as powerful as Taylor Swift, who continued her cultural domination with her concert film, The Eras Tour. \r\nDocumenting h\u2026 [+1504 chars]"}, {"source": {"id": null, "name": "Page Six"}, "author": "Nicki Cox", "title": "Travis Kelce leaves Taylor Swift\u2019s NYC apartment before attending Jets vs. Eagles game solo", "description": "The Kansas City Chiefs tight end was seen leaving the \"Cruel Summer\" singer's luxe pad en route to watch his brother play at MetLife Stadium Sunday.", "url": "https://pagesix.com/2023/10/15/travis-kelce-leaves-taylor-swifts-apartment-before-attending-eagles-game-solo/", "urlToImage": "https://pagesix.com/wp-content/uploads/sites/3/2023/10/NYPICHPDPICT000061675725.jpg?quality=75&strip=all&w=1024", "publishedAt": "2023-10-15T22:47:37Z", "content": "Travis Kelce stepped out to support his brother, Jason Kelce, after his PDA-packed night with Taylor Swift.\r\nThe Kansas City Chiefs tight end was photographed leaving the \u201cCruel Summer\u201d singer\u2019s NYC \u2026 [+3271 chars]"}, {"source": {"id": null, "name": "Biztoc.com"}, "author": "billboard.com", "title": "Taylor Swift\u2019s \u2018Out of the Woods (Taylor\u2019s Version)\u2019 Soundtracks New \u2018Migration\u2019 Movie Trailer", "description": "It\u2019s almost time for 1989 (Taylor\u2019s Version), and Taylor Swift has dropped another preview of what\u2019s to come with a snippet of her re-recorded \u201cOut of the Woods.\u201d \u201cOut of the Woods (Taylor\u2019s Version)\u201d is featured in the latest trailer for Illumination and Uni\u2026", "url": "https://biztoc.com/x/f4d6f6bcece6f1c2", "urlToImage": "https://c.biztoc.com/p/f4d6f6bcece6f1c2/s.webp", "publishedAt": "2023-10-15T22:32:11Z", "content": "Its almost time for 1989 (Taylors Version), and Taylor Swift has dropped another preview of whats to come with a snippet of her re-recorded Out of the Woods.Out of the Woods (Taylors Version) is feat\u2026 [+303 chars]"}, {"source": {"id": null, "name": "ComingSoon.net"}, "author": "Jeff Ames", "title": "Box Office Results: Taylor Swift Dominates the Competition", "description": "Taylor Swift: Eras Tour annihilated the worldwide box office, pulling in roughly $95-$97 million domestically and $31M-$33M internationally for a $126-$130M global opening, per Deadline. We\u2019re still awaiting final figures, but anything over $96.2M (earned by \u2026", "url": "https://www.comingsoon.net/movies/news/1367314-box-office-results-taylor-swift-dominates-the-competition", "urlToImage": "https://www.comingsoon.net/wp-content/uploads/sites/3/2023/10/BO-Swift.png?resize=1200,630", "publishedAt": "2023-10-15T22:22:51Z", "content": "Taylor Swift: Eras Tour annihilated the worldwide box office, pulling in roughly $95-$97 million domestically and $31M-$33M internationally for a $126-$130M global opening, per Deadline. Were still a\u2026 [+1914 chars]"}, {"source": {"id": null, "name": "The A.V. Club"}, "author": "Sam Barsanti", "title": "The Eras Tour successfully takes over at the weekend box office", "description": "Well, it\u2019s here: The biggest cinematic event since the last big cinematic event, and now we can see just how much money Taylor Swift\u2019s The Eras Tour concert film is going to bring in to theaters. The answer, unsurprisingly, is \u201clots.\u201d The Eras Tour opened at \u2026", "url": "https://www.avclub.com/the-eras-tour-takes-over-at-the-weekend-box-office-1850928687", "urlToImage": "https://i.kinja-img.com/image/upload/c_fill,f_auto,fl_progressive,g_center,h_675,pg_1,q_80,w_1200/8c8df201ebe5b3307839d47366e0f41b.jpg", "publishedAt": "2023-10-15T22:13:00Z", "content": "Well, its here: The biggest cinematic event since the last big cinematic event, and now we can see just how much money Taylor Swifts The Eras Tourconcert film is going to bring in to theaters. The an\u2026 [+1922 chars]"}, {"source": {"id": null, "name": "Dark Horizons"}, "author": "Garth Franklin", "title": "Taylor Swift\u2019s Film Has $126M Global Start", "description": "Figures keep coming in for the \u201cTaylor Swift: The Eras Tour\u201d concert film with the movie now tracking to take in a domestic debut of $95-97 million and a worldwide start of $126-130 million in its first weekend of release. It\u2019s the biggest debut for a concert\u2026", "url": "https://www.darkhorizons.com/taylor-swifts-film-has-126m-global-start/", "urlToImage": "https://cdndh.darkhorizons.com/wp-content/uploads/2023/10/taylor-swifts-film-has-126m-global-start.jpg", "publishedAt": "2023-10-15T21:46:51Z", "content": "Figures keep coming in for the \u201cTaylor Swift: The Eras Tour\u201d concert film with the movie now tracking to take in a domestic debut of $95-97 million and a worldwide start of $126-130 million in its fi\u2026 [+1349 chars]"}, {"source": {"id": null, "name": "Japan Today"}, "author": null, "title": "Taylor Swift\u2019s \u2018The Eras Tour\u2019 dances to No. 1 at the box office, eyeing 'Joker' film record", "description": "Movie theaters turned into concert venues this weekend as Swifties brought their dance moves and friendship bracelets to multiplexes across the country. The unparalleled enthusiasm helped propel \u201cTaylor Swift: The Eras Tour\u201d to a massive, first place debut be\u2026", "url": "https://japantoday.com/category/entertainment/taylor-swift%E2%80%99s-%E2%80%98the-eras-tour%E2%80%99-dances-to-no.-1-at-the-box-office-eyeing-%27joker%27-film-record", "urlToImage": null, "publishedAt": "2023-10-15T21:18:38Z", "content": "Movie theaters turned into concert venues this weekend as Swifties brought their dance moves and friendship bracelets to multiplexes across the country. The unparalleled enthusiasm helped propel Tayl\u2026 [+5994 chars]"}, {"source": {"id": null, "name": "HuffPost"}, "author": "Jazmin Tolliver", "title": "Taylor Lautner\u2019s Backflip At Taylor Swift\u2019s \u2018Eras Tour\u2019 Movie Screening Has Social Media In Stitches", "description": "The two Taylor's famously dated each other briefly in 2009.", "url": "https://www.huffpost.com/entry/taylor-lautner-backflip-taylor-swift-eras-tour-movie-screening_n_652c2eebe4b00565b6207c0f", "urlToImage": "https://img.huffingtonpost.com/asset/652c30001f00002e071baa34.jpg?cache=50IFehflVA&ops=1200_630", "publishedAt": "2023-10-15T21:13:16Z", "content": "Just the mere mention of Taylor Swift can send many fans into an excited frenzy, but the internet thinks the singers ex, Taylor Lautner, might have taken his enthusiasm just a bit too far. \r\nWhile st\u2026 [+2419 chars]"}, {"source": {"id": null, "name": "TODAY"}, "author": "Sarah Whitten, CNBC", "title": "Taylor Swift's Eras Tour makes history at the box office", "description": "Box office analysts became Swifties in the lead-up to Taylor Swift\u2019s Eras Tour concert film release, estimating blockbuster-style opening weekend numbers.", "url": "https://www.today.com/popculture/taylor-swift-eras-tour-concert-film-higest-rcna120521", "urlToImage": "https://media-cldnry.s-nbcnews.com/image/upload/t_social_share_1200x630_center,f_auto,q_auto:best/rockcms/2023-10/taylor-swift-eras-tour-film-me-231015-d4c16e.jpg", "publishedAt": "2023-10-15T20:47:23Z", "content": "Box office analysts became Swifties in the lead-up to Taylor Swifts Eras Tour concert film release, estimating blockbuster-style opening weekend numbers.\r\nAnd Swift delivered.\r\nWhile the pop singer f\u2026 [+3852 chars]"}, {"source": {"id": null, "name": "WDIV ClickOnDetroit"}, "author": "Lindsey Bahrassociated Press", "title": "Taylor Swift\u2019s \u2018The Eras Tour\u2019 dances to No. 1 at the box office, eyeing 'Joker' film record", "description": "Movie theaters turned into concert venues this weekend as Swifties brought their dance moves and friendship bracelets to multiplexes across the country.", "url": "https://www.clickondetroit.com/entertainment/2023/10/15/taylor-swifts-the-eras-tour-dances-to-no-1-at-the-box-office-eyeing-joker-film-record/", "urlToImage": "https://res.cloudinary.com/graham-media-group/image/upload/f_auto/q_auto/c_thumb,w_700/v1/media/gmg/ANAVNH7FF5CDHD7PAXVBLJ56RE.jpg?_a=ATAPphC0", "publishedAt": "2023-10-15T20:35:26Z", "content": "Movie theaters turned into concert venues this weekend as Swifties brought their dance moves and friendship bracelets to multiplexes across the country. The unparalleled enthusiasm helped propel Tayl\u2026 [+6503 chars]"}, {"source": {"id": null, "name": "Biztoc.com"}, "author": "siliconvalley.com", "title": "Taylor Swift\u2019s \u2018The Eras Tour\u2019 dances to No. 1 at the box office, eyeing \u2018Joker\u2019 film record", "description": "By Lindsey Bahr | Associated Press Movie theaters turned into concert venues this weekend as Swifties brought their dance moves and friendship bracelets to multiplexes across the country. The unparalleled enthusiasm helped propel \u201cTaylor Swift: The Eras Tour\u201d\u2026", "url": "https://biztoc.com/x/0c1a873c77cfc3d2", "urlToImage": "https://c.biztoc.com/p/0c1a873c77cfc3d2/s.webp", "publishedAt": "2023-10-15T20:14:07Z", "content": "By Lindsey Bahr | Associated PressMovie theaters turned into concert venues this weekend as Swifties brought their dance moves and friendship bracelets to multiplexes across the country. The unparall\u2026 [+338 chars]"}, {"source": {"id": null, "name": "Chicago Tribune"}, "author": "Lindsey Bahr", "title": "Taylor Swift\u2019s \u2018The Eras Tour\u2019 dances to No. 1 at the box office, eyeing \u2018Joker\u2019 film record", "description": "Movie theaters turned into concert venues this weekend as Swifties brought their dance moves and friendship bracelets to multiplexes across the country. The unparalleled enthusiasm helped propel \u201cTaylor Swift: The Eras Tour\u201d to a massive, first place debut be\u2026", "url": "https://www.chicagotribune.com/entertainment/ct-ent-box-office-taylor-swift-20231015-d5uv4mq6svd55gfozlq3xvoni4-story.html", "urlToImage": "https://www.chicagotribune.com/resizer/17RVhN2pLw4Qm2nfHWmizZHW1_k=/1200x630/filters:format(jpg):quality(70)/cloudfront-us-east-1.images.arcpublishing.com/tronc/OZWMYA3G33DHHLOJVG4IRCUTM4.jpg", "publishedAt": "2023-10-15T20:01:20Z", "content": "Movie theaters turned into concert venues this weekend as Swifties brought their dance moves and friendship bracelets to multiplexes across the country. The unparalleled enthusiasm helped propel Tayl\u2026 [+6338 chars]"}, {"source": {"id": null, "name": "Daily Beast"}, "author": "Chaya Tong", "title": "\u2018Taylor Swift: The Eras Tour\u2019 Is Highest-Ever Grossing U.S. Concert Film", "description": "Mario Anzuoni/Reuters/File Photo\r\nTaylor Swift: The Eras Tour concert film debuted at number one this weekend, raking in between $95 and $97 million in North America for AMC theaters. It is the highest-ever grossing concert film domestically, and could possib\u2026", "url": "https://www.thedailybeast.com/taylor-swift-the-eras-tour-is-highest-ever-grossing-us-concert-film", "urlToImage": "https://img.thedailybeast.com/image/upload/c_crop,d_placeholder_euli9k,h_3094,w_5500,x_0,y_0/dpr_2.0/c_limit,w_740/fl_lossy,q_auto/v1697397495/2023-10-15T152905Z_599327744_RC2OQ3A3V6BK_RTRMADP_3_FILM-BOX-OFFICE-TAYLOR-SWIFT_ktvm9h", "publishedAt": "2023-10-15T20:00:08Z", "content": "Taylor Swift: The Eras Tour concert film debuted at number one this weekend, raking in between $95 and $97 million in North America for AMC theaters. It is the highest-ever grossing concert film dome\u2026 [+550 chars]"}, {"source": {"id": null, "name": "Showbiz411"}, "author": "showbiz411", "title": "Taylor Swift Movie Fails to Break $100 Million For Weekend...", "description": "Taylor Swift's fans are young, many in grade or middle school. They have to get their homework done. The result? No screenings of \"The Eras Tour\" this week, or next, or at all, from Monday through Thursday.\n\n\n\nThat's right. Swift insisted in her distribution \u2026", "url": "https://www.showbiz411.com/2023/10/15/taylor-swift-eras-movie-fails-to-break-100-mil-for-weekend-singer-says-no-shows-again-until-thursday-reason-audience-has-homework", "urlToImage": "https://www.showbiz411.com/wp-content/uploads/2023/08/Screenshot-2023-08-31-at-09-30-26-Taylor-Swift-The-Eras-Tour-concert-film-1.png", "publishedAt": "2023-10-15T20:00:03Z", "content": "Taylor Swift \"Eras\" Movie Fails to Break $100 Mil For Weekend, Singer Says No Shows Again Until Thursday -- Reason? Audience Has HomeworkTaylor Swift\u2019s fans are young, many in grade or middle school.\u2026 [+2054 chars]"}, {"source": {"id": null, "name": "Bangkok Post"}, "author": "AFP", "title": "Taylor Swift conquers N.America box office with concert film", "description": "LOS ANGELES - After her sold-out stadium tour, pop superstar Taylor Swift filled movie theaters with screaming fans as her concert film took in an estimated $96 million in its opening weekend in North America, smashing records in the category.", "url": "https://www.bangkokpost.com/life/arts-and-entertainment/2664644/taylor-swift-conquers-n-america-box-office-with-concert-film", "urlToImage": "https://static.bangkokpost.com/media/content/20231016/c1_4924524_700.jpg", "publishedAt": "2023-10-15T19:45:00Z", "content": "LOS ANGELES - After her sold-out stadium tour, pop superstar Taylor Swift filled movie theaters with screaming fans as her concert film took in an estimated $96 million in its opening weekend in Nort\u2026 [+2204 chars]"}, {"source": {"id": null, "name": "Pitchfork"}, "author": "Nina Corcoran", "title": "Taylor Swift: The Eras Tour Has Biggest Ever Concert Film Opening Weekend", "description": "It earned an estimated $126 million in movie theaters globally this weekend", "url": "https://pitchfork.com/news/taylor-swift-the-eras-tour-has-biggest-ever-concert-film-opening-weekend/", "urlToImage": "https://media.pitchfork.com/photos/652c4082c0857a87b9322b20/16:9/w_1280,c_limit/taylor-swift-the-eras-tour-concert-film-movie.png", "publishedAt": "2023-10-15T19:42:58Z", "content": "Taylor Swift loves to set records, and shes just done it again. Taylor Swift: The Eras Tourher PG-13 movie that trims six performances at Los Angeles\u00a0SoFi Stadium into a nearly three-hour-long, caree\u2026 [+1932 chars]"}, {"source": {"id": null, "name": "Biztoc.com"}, "author": "bostonherald.com", "title": "Enchanted: Taylor Swift concert film dominates box office", "description": "Movie theaters turned into concert venues this weekend as Swifties brought their dance moves and friendship bracelets to multiplexes across the country. The unparalleled enthusiasm helped propel \u201cTaylor Swift: The Eras Tour\u201d to a massive, first place debut be\u2026", "url": "https://biztoc.com/x/f578563932dc5e19", "urlToImage": "https://c.biztoc.com/p/f578563932dc5e19/s.webp", "publishedAt": "2023-10-15T19:38:10Z", "content": "Movie theaters turned into concert venues this weekend as Swifties brought their dance moves and friendship bracelets to multiplexes across the country. The unparalleled enthusiasm helped propel Tayl\u2026 [+330 chars]"}, {"source": {"id": null, "name": "Boston Herald"}, "author": "Associated Press", "title": "Enchanted: Taylor Swift concert film dominates box office", "description": "Movie theaters turned into concert venues this weekend as Swifties brought their dance moves and friendship bracelets to multiplexes across the country. The unparalleled enthusiasm helped propel \"Taylor Swift: The Eras Tour\" to a massive, first place debut be\u2026", "url": "https://www.bostonherald.com/2023/10/15/enchanted-taylor-swift-concert-film-dominates-box-office/", "urlToImage": "https://www.bostonherald.com/wp-content/uploads/2023/10/AP23285035079586.jpg?w=1024&h=704", "publishedAt": "2023-10-15T19:37:26Z", "content": "Movie theaters turned into concert venues this weekend as Swifties brought their dance moves and friendship bracelets to multiplexes across the country. The unparalleled enthusiasm helped propel \u201cTay\u2026 [+5513 chars]"}, {"source": {"id": "fox-news", "name": "Fox News"}, "author": "Cortney Moore", "title": "Halloween costume trends for 2023 include Barbie, pop culture icons, horror movies and more", "description": "The Halloween Costume & Association shares which trends are likely to be popular this year for Halloween costume shoppers and why the shopping season was off to a slow start for 2023.", "url": "https://www.foxnews.com/lifestyle/halloween-costume-trends-2023-barbie-pop-culture-icons-horror-movies-more", "urlToImage": "https://static.foxnews.com/foxnews.com/content/uploads/2023/10/3-split-template-Halloween-2023-costume-trends-gray-lines.jpg", "publishedAt": "2023-10-15T19:31:46Z", "content": "Halloween is near and celebrators are flocking to digital and physical costume shops to find their perfect outfit.\r\nWhile some may already know what they want to \"be\" for Halloween this year, others \u2026 [+5874 chars]"}, {"source": {"id": null, "name": "MarketWatch"}, "author": "Associated Press", "title": "Associated Press: Taylor Swift\u2019s \u2018The Eras Tour\u2019 sets opening-weekend record for a concert movie", "description": "It\u2019s easily the biggest opening for a concert film of all time, and, not accounting for inflation, has made more than the $73 million \u201cJustin Bieber: Never Say Never\u201d earned in 2011.", "url": "https://www.marketwatch.com/story/taylor-swifts-the-eras-tour-sets-opening-weekend-record-for-a-concert-movie-57e7dcec", "urlToImage": "https://images.mktw.net/im-868955/social", "publishedAt": "2023-10-15T19:24:38Z", "content": "Movie theaters turned into concert venues this weekend as Swifties brought their dance moves and friendship bracelets to multiplexes across the country. The unparalleled enthusiasm helped propel Tayl\u2026 [+6354 chars]"}, {"source": {"id": null, "name": "Biztoc.com"}, "author": "aol.com", "title": "Taylor Swift\u2019s concert movie brought in about $96 million at the box office", "description": "Taylor Swift can add a new title to her illustrious resume: box-office superstar. In its opening weekend, the pop singer\u2019s concert film, \u201cTaylor Swift: The Eras Tour,\u201d raked in between $95 and $97 million in the box office in the United States and Canada, mov\u2026", "url": "https://biztoc.com/x/6b8d1b2a03a992fc", "urlToImage": "https://c.biztoc.com/p/6b8d1b2a03a992fc/s.webp", "publishedAt": "2023-10-15T19:22:06Z", "content": "Taylor Swift can add a new title to her illustrious resume: box-office superstar.In its opening weekend, the pop singers concert film, Taylor Swift: The Eras Tour, raked in between $95 and $97 millio\u2026 [+327 chars]"}, {"source": {"id": null, "name": "Vulture"}, "author": "Tom Smyth", "title": "Bowen Yang\u2019s Christopher Columbus Discovered Boygenius on SNL", "description": "Bowen Yang played Christopher Columbus on \u2018SNL\u2019 this weekend, touting his many \u201cdiscoveries,\u201d including Boygenius: \u201cYou, you, you, go make sad little gay song, go!\u201d", "url": "http://www.vulture.com/2023/10/bowen-yang-columbus-discovered-boygenius-snl.html", "urlToImage": "https://pyxis.nymag.com/v1/imgs/09e/316/4092296a9a0630512aee2bf5af71c34837-bowen-yang-snl-columbus.1x.rsocial.w1200.jpg", "publishedAt": "2023-10-15T19:12:26Z", "content": "With the writers strike over and the Wicked movie wrapped, Bowen Yang is back where he belongs, behind the Weekend Update desk for Saturday Night Lives season premiere. Fresh off of Indigenous People\u2026 [+617 chars]"}, {"source": {"id": null, "name": "International Business Times"}, "author": "AFP News", "title": "Taylor Swift Conquers N.America Box Office With Concert Film", "description": "After her sold-out stadium tour, pop superstar Taylor Swift filled movie theaters with screaming fans as her concert film took in an estimated $96 million in its opening weekend in North America, smashing records in the category.", "url": "https://www.ibtimes.com/taylor-swift-conquers-namerica-box-office-concert-film-3715287", "urlToImage": "https://d.ibtimes.com/en/full/4492938/fans-party-bus-dance-sing-taylor-swift-tunes-before-attending-taylor-swift-eras-tour.jpg", "publishedAt": "2023-10-15T19:06:38Z", "content": "After her sold-out stadium tour, pop superstar Taylor Swift filled movie theaters with screaming fans as her concert film took in an estimated $96 million in its opening weekend in North America, sma\u2026 [+2293 chars]"}, {"source": {"id": null, "name": "Biztoc.com"}, "author": "billboard.com", "title": "Taylor Swift\u2019s \u2018The Eras Tour\u2019 Film Dances to No. 1 at the Box Office", "description": "Movie theaters turned into concert venues this weekend as Swifties brought their dance moves and friendship bracelets to multiplexes across the country. The unparalleled enthusiasm helped propel Taylor Swift: The Eras Tour to a massive, first place debut betw\u2026", "url": "https://biztoc.com/x/3435126aa32ab29b", "urlToImage": "https://c.biztoc.com/p/3435126aa32ab29b/s.webp", "publishedAt": "2023-10-15T19:02:16Z", "content": "Movie theaters turned into concert venues this weekend as Swifties brought their dance moves and friendship bracelets to multiplexes across the country. The unparalleled enthusiasm helped propel Tayl\u2026 [+315 chars]"}, {"source": {"id": null, "name": "Billboard"}, "author": "Associated Press", "title": "Taylor Swift\u2019s \u2018The Eras Tour\u2019 Film Dances to No. 1 at Box Office", "description": "The concert movie earned between $95 million and $97 million in North America, AMC Theatres said.", "url": "https://www.billboard.com/music/music-news/taylor-swift-the-eras-tour-movie-number-one-box-office-1235442994/", "urlToImage": "https://www.billboard.com/wp-content/uploads/2023/10/taylor-swift-eras-movie-premiere-2023-billboard-ab-1548.jpg?w=1024", "publishedAt": "2023-10-15T18:50:36Z", "content": "Movie theaters turned into concert venues this weekend as Swifties brought their dance moves and friendship bracelets to multiplexes across the country. The unparalleled enthusiasm helped propel Tayl\u2026 [+6051 chars]"}, {"source": {"id": null, "name": "Biztoc.com"}, "author": "thewrap.com", "title": "Is \u2018Taylor Swift: The Eras Tour\u2019 Movie as Good as the Live Concert? For Diehard Swifties, It\u2019s Downright Enchanting (Commentary)", "description": "Taylor Swift\u2019s concert documentary \u201cTaylor Swift: The Eras Tour\u201d was as brilliant in the theater as it was to witness from the nosebleeds of SoFi Stadium. I won\u2019t say it was better because the collective effervescence of a concert cannot be created without an\u2026", "url": "https://biztoc.com/x/d81ea5c6f9f9cb2a", "urlToImage": "https://c.biztoc.com/p/d81ea5c6f9f9cb2a/s.webp", "publishedAt": "2023-10-15T18:46:10Z", "content": "Taylor Swifts concert documentary Taylor Swift: The Eras Tour was as brilliant in the theater as it was to witness from the nosebleeds of SoFi Stadium. I wont say it was better because the collective\u2026 [+294 chars]"}, {"source": {"id": "cbc-news", "name": "CBC News"}, "author": null, "title": "'Unprecedented' opening weekend vaults Taylor Swift: The Eras Tour to top of box office", "description": "Movie theatres turned into concert venues this weekend as Swifties brought their unparalleled enthusiasm to multiplexes across North America, helping propel Taylor Swift: The Eras Tour\u00a0to a massive, first place debut.", "url": "https://www.cbc.ca/news/entertainment/taylor-swift-eras-tour-film-box-office-1.6996944", "urlToImage": "https://i.cbc.ca/1.6996950.1697393464!/fileImage/httpImage/image.JPG_gen/derivatives/16x9_620/film-concert-taylor-swift.JPG", "publishedAt": "2023-10-15T18:45:44Z", "content": "Movie theatres turned into concert venues this weekend as Swifties brought their dance moves and friendship bracelets to multiplexes across North America. The unparalleled enthusiasm helped propel Ta\u2026 [+5917 chars]"}, {"source": {"id": null, "name": "IndieWire"}, "author": "Christian Zilko", "title": "Taylor Swift, Travis Kelce Make Surprise \u2018Saturday Night Live\u2019 Cameos in Season 49 Premiere", "description": "After weeks of driving NFL ratings with Swift's attendance at Kansas City Chiefs games, the rumored couple stopped by Studio 8H for the Season 49 premiere.", "url": "https://www.indiewire.com/news/general-news/taylor-swift-travis-kelce-saturday-night-live-cameos-1234916895/", "urlToImage": "https://www.indiewire.com/wp-content/uploads/2023/10/Screen-Shot-2023-10-15-at-11.03.37-AM.png", "publishedAt": "2023-10-15T18:45:00Z", "content": "Like so many of 2023\u2019s biggest cultural events, the weekend of October 13 was all about Taylor Swift. \r\n\u201cTaylor Swift: The Eras Tour,\u201d the film documenting the pop star\u2019s record-shattering tour, open\u2026 [+1900 chars]"}, {"source": {"id": null, "name": "Stereogum"}, "author": "James Rettig", "title": "Taylor Swift\u2019s Eras Tour Has The Highest Grossing Concert Film Opening Of All Time", "description": "Taylor Swift\u2019s Eras Tour opened in theaters this weekend, and it now holds the record for the highest grossing concert film opening weekend of all time. Per The New York Times, the box office tally for the first weekend of Swift\u2019s movie is estimated to come i\u2026", "url": "https://www.stereogum.com/2239159/taylor-swift-eras-tour-box-office-concert-film/news/", "urlToImage": "https://static.stereogum.com/uploads/2023/10/taylor-swift-eras-tour-box-office-1697378237.jpg", "publishedAt": "2023-10-15T18:36:37Z", "content": "Taylor Swift\u2019s Eras Tour opened in theaters this weekend, and it now holds the record for the highest grossing concert film opening weekend of all time. Per The New York Times, the box office tally f\u2026 [+993 chars]"}, {"source": {"id": null, "name": "IndieWire"}, "author": "Tom Brueggemann", "title": "Secrets of \u2018Taylor Swift: The Eras Tour\u2019 Success: Swift, Pre-Sales, and Higher Ticket Prices", "description": "And, a plausible reason for that last-minute addition of preview screenings. In specialized, initial grosses for \"Anatomy of a Fall\" show a strong start.", "url": "https://www.indiewire.com/news/box-office/secrets-of-taylor-swift-the-eras-tour-success-pre-sales-higher-ticket-prices-1234916767/", "urlToImage": "https://www.indiewire.com/wp-content/uploads/2023/10/Taylor-Swift-4.jpg", "publishedAt": "2023-10-15T18:35:19Z", "content": "By any standards \u2014\u00a0other than the over-the-top, pre-release hype \u2014 \u201cTaylor Swift The Eras Tour\u201d (Variance/AMC) provided a spectacular initial weekend with an estimated $96 million gross. Foreign esti\u2026 [+7652 chars]"}, {"source": {"id": null, "name": "Biztoc.com"}, "author": "edition.cnn.com", "title": "Taylor Swift\u2019s concert movie brought in about $96 million at the box office", "description": "Taylor Swift can add a new title to her illustrious resume: box-office superstar. In its opening weekend, the pop singer\u2019s concert film, \u201cTaylor Swift: The Eras Tour,\u201d raked in between $95 and $97 million in the box office in the United States and Canada, mov\u2026", "url": "https://biztoc.com/x/e16b3d83aef67008", "urlToImage": "https://c.biztoc.com/p/e16b3d83aef67008/s.webp", "publishedAt": "2023-10-15T18:34:13Z", "content": "Taylor Swift can add a new title to her illustrious resume: box-office superstar.In its opening weekend, the pop singers concert film, Taylor Swift: The Eras Tour, raked in between $95 and $97 millio\u2026 [+335 chars]"}, {"source": {"id": null, "name": "Biztoc.com"}, "author": "fortune.com", "title": "Taylor Swift might just have scored the biggest October movie opening of all time", "description": "Movie theaters turned into concert venues this weekend as Swifties brought their dance moves and friendship bracelets to multiplexes across the country. The unparalleled enthusiasm helped propel \u201cTaylor Swift: The Eras Tour\u201d to a massive, first place debut be\u2026", "url": "https://biztoc.com/x/d9826a61eb2f5eb1", "urlToImage": "https://c.biztoc.com/p/d9826a61eb2f5eb1/s.webp", "publishedAt": "2023-10-15T18:34:05Z", "content": "Movie theaters turned into concert venues this weekend as Swifties brought their dance moves and friendship bracelets to multiplexes across the country. The unparalleled enthusiasm helped propel Tayl\u2026 [+325 chars]"}, {"source": {"id": "cnn", "name": "CNN"}, "author": "Danielle Wiener-Bronner", "title": "Taylor Swift's concert movie brought in about $96 million at the box office", "description": "Taylor Swift can add a new title to her illustrious resume: box-office superstar.", "url": "https://www.cnn.com/2023/10/15/business/taylor-swift-eras-box-office/index.html", "urlToImage": "https://media.cnn.com/api/v1/images/stellar/prod/231015104557-01-taylor-swift-eras-tour-movie-box-office-restricted.jpg?c=16x9&q=w_800,c_fill", "publishedAt": "2023-10-15T18:26:08Z", "content": "Taylor Swift can add a new title to her illustrious resume: box-office superstar.\r\nIn its opening weekend, the pop singers concert film, Taylor Swift: The Eras Tour, raked in between $95 and $97 mill\u2026 [+3981 chars]"}, {"source": {"id": "fortune", "name": "Fortune"}, "author": "Lindsey Bahr, The Associated Press", "title": "Taylor Swift might just have scored the biggest October movie opening of all time\u2014not to mention biggest concert film", "description": "Swifties helped propel \u201cTaylor Swift: The Eras Tour\u201d to a massive debut between $95 million and $97 million, AMC Theatres said Sunday.", "url": "https://fortune.com/2023/10/15/taylor-swift-eras-tour-concert-movie-biggest-october-opening-ever-number-one/", "urlToImage": "https://content.fortune.com/wp-content/uploads/2023/10/AP23285020413934-e1697393958486.jpg?resize=1200,600", "publishedAt": "2023-10-15T18:24:53Z", "content": "Movie theaters turned into concert venues this weekend as Swifties brought their dance moves and friendship bracelets to multiplexes across the country. The unparalleled enthusiasm helped propel Tayl\u2026 [+6177 chars]"}, {"source": {"id": null, "name": "Variety"}, "author": "Rebecca Rubin", "title": "Taylor Swift\u2019s \u2018Eras Tour\u2019 Powers to $126 Million to $130 Million in Global Box Office Debut", "description": "\u201cTaylor Swift: The Eras Tour\u201d is towering over the global box office with estimates of $126 million to $130 million in its first weekend of release. It\u2019s a seismic start for any concert film, but this is particularly impressive because it was announced just s\u2026", "url": "https://variety.com/2023/film/box-office/taylor-swift-box-office-eras-tour-global-opening-weekend-record-1235756921/", "urlToImage": "https://variety.com/wp-content/uploads/2023/10/GettyImages-1637208780-e1696959760879.jpg?w=1000&h=563&crop=1", "publishedAt": "2023-10-15T18:21:22Z", "content": "\u201cTaylor Swift: The Eras Tour\u201d is towering over the global box office with estimates of $126 million to $130 million in its first weekend of release. It\u2019s a seismic start for any concert film, but thi\u2026 [+1884 chars]"}, {"source": {"id": null, "name": "The Daily Dot"}, "author": "Charlotte Colombo", "title": "\u2018I didn\u2019t think u were actually gonna drink out of it\u2019: Taylor Swift fan refuses to pay $15 for \u2018Eras\u2019 film cup. She takes one from the trash instead", "description": "They say one Swiftie's trash is another Swiftie's treasure, and that certainly looks to be the case for TikToker and Taylor Swift fan Ana Valeria (@anavaleriavn).\n\n\nIn a TikTok which has 1.6 million views as of Sunday, Ana filmed herself at the movie theatre \u2026", "url": "https://www.dailydot.com/news/taylor-swift-eras-film-cup-trash/", "urlToImage": "https://uploads.dailydot.com/2023/10/Treasured-Garbage.jpg?auto=compress&fm=pjpg", "publishedAt": "2023-10-15T18:20:39Z", "content": "They say one Swiftie\u2019s trash is another Swiftie\u2019s treasure, and that certainly looks to be the case for TikToker and Taylor Swift fan Ana Valeria (@anavaleriavn).\r\nIn a TikTok which has 1.6 million v\u2026 [+2073 chars]"}, {"source": {"id": null, "name": "Vulture"}, "author": "Joe Berkowitz", "title": "Saturday Night Live Season-Premiere Recap: Pete Davidson Strikes the Right Tone", "description": "The SNL crew delivers laughs in their first episode from a strike-extended summer, but the strain of working through a tough week shows. Our recap of \u2018SNL\u2019s season premiere with host Pete Davidson and musical guest Ice Spice.", "url": "http://www.vulture.com/article/snl-recap-season-49-episode-1-pete-davidson-ice-spice.html", "urlToImage": "https://pyxis.nymag.com/v1/imgs/138/009/f54030a9548e07ece461319c86b0906691-pete-davidson-snl.1x.rsocial.w1200.jpg", "publishedAt": "2023-10-15T18:03:30Z", "content": "Live from New York, its a horrifying humanitarian crisis. Wocka wocka!\r\nComing out of the writers strike triumphant a few weeks ago, the\u00a0Saturday Night Live\u00a0team probably expected to storm the studio\u2026 [+7353 chars]"}, {"source": {"id": null, "name": "Bleeding Cool News"}, "author": "Jeremy Konrad", "title": "Taylor Swift Has A Love Story With The Weekend Box Office", "description": "Taylor Swift took over the weekend box office this week with her Eras Tour Film. The weekend at this point is coming in between $95-97 million, as AMC waits until every cent is counted. They distributed the film with Swift, and if they call it above $96 milli\u2026", "url": "https://bleedingcool.com/movies/weekend-box-office-taylor-swift-eras-tour-film-exorcist-saw/", "urlToImage": "https://bleedingcool.com/wp-content/uploads/2022/12/shutterstock_1588160347-1200x628.jpg", "publishedAt": "2023-10-15T18:02:07Z", "content": "Posted in: Box Office, Movies | Tagged: saw x, taylor swift, The Eras Tour Film, The Exorcist: Believer, Weekend Box Office\r\nTaylor Swift did indeed win the Weekend Box Office with her Eras Tour Film\u2026 [+2275 chars]"}, {"source": {"id": null, "name": "Deadline"}, "author": "Nancy Tartaglione", "title": "\u2018Taylor Swift: Eras Tour\u2019: Swifties Drop Everything Now For Concert Pic\u2019s Global Opening, Shelling Out $126M-$130M", "description": "Refresh for updates\u2026Taylor Swift: Eras Tour may have missed the century mark in regards to a domestic opening, but the 12x Grammy winner was always guaranteed that number worldwide, with AMC reporting this AM that the Sam Wrench directed concert pic has racke\u2026", "url": "https://deadline.com/2023/10/taylor-swift-eras-tour-global-international-box-office-1235574038/", "urlToImage": "https://deadline.com/wp-content/uploads/2023/10/TSErasTour2.jpg?w=1024", "publishedAt": "2023-10-15T18:00:06Z", "content": "Refresh for updates\u2026Taylor Swift: Eras Tour may have missed the century mark in regards to a domestic opening, but the 12x Grammy winner was always guaranteed that number worldwide, with AMC reportin\u2026 [+3262 chars]"}, {"source": {"id": null, "name": "Bleeding Cool News"}, "author": "Kaitlyn Booth", "title": "Migration: New Trailer Features \"Out of the Woods (Taylor's Version)\"", "description": "It was a good weekend if your name began with \"Taylor\" and ended with \"Swift\" as the Eras Tour Film went on to do gangbusters at the box office and will likely be hanging out at the top for a while now because if there is one thing you can depend on, it is st\u2026", "url": "https://bleedingcool.com/movies/migration-new-trailer-features-out-of-the-woods-taylors-version/", "urlToImage": "https://bleedingcool.com/wp-content/uploads/2023/10/2515_T2_00106-3587x1500-d3275b2-1200x628.jpg", "publishedAt": "2023-10-15T17:57:07Z", "content": "Posted in: Illumination, Movies, Universal | Tagged: illumination, Migration, poster, trailer, Universal Pictures\r\nThe new trailer for Illumination's Migration will make Taylor Swift fans happy becau\u2026 [+4053 chars]"}, {"source": {"id": null, "name": "Screen Rant"}, "author": "Maxance Vincent", "title": "Taylor Swift: Eras Tour Movie Falls Short Of $100 M, Still Rockets To 2023's Top 10 Box Office Opening Record", "description": "Taylor Swift: The Eras Tour movie fell short of a $100 million opening weekend but still managed to break a significant concert film record.", "url": "https://screenrant.com/taylor-swift-eras-tour-movie-box-office-opening-records/", "urlToImage": "https://static1.srcdn.com/wordpress/wp-content/uploads/2023/10/taylor-swift-at-the-eras-tour-miss-americana.jpg", "publishedAt": "2023-10-15T17:46:25Z", "content": "Summary\r\n<ul><li>Taylor Swift: The Eras Tour falls slightly short of the $100 million opening at the box office, but still becomes the highest-grossing concert movie of all time. </li><li> The movie'\u2026 [+2862 chars]"}, {"source": {"id": null, "name": "Consequence.net"}, "author": "Jo Vito", "title": "Taylor Swift\u2019s \u201cThe Eras Tour\u201d Movie Becomes Top-Grossing Concert Film of All Time with $97 Million Opening", "description": "Swift bested a record previously held by Justin Bieber's Never Say Never.\nTaylor Swift\u2019s \u201cThe Eras Tour\u201d Movie Becomes Top-Grossing Concert Film of All Time with $97 Million Opening\nJo Vito", "url": "https://consequence.net/2023/10/taylor-swift-eras-tour-movie-opening-day/", "urlToImage": "https://consequence.net/wp-content/uploads/2023/08/Taylor-Swift-1.jpg", "publishedAt": "2023-10-15T17:41:37Z", "content": "It\u2019s official: Taylor Swift\u2019s \u201cThe Eras Tour\u201d concert film is the highest-grossing concert film in domestic box office history \u2014 and it only took her four days to achieve the feat.\r\nAccording to Vari\u2026 [+1595 chars]"}, {"source": {"id": null, "name": "Newser"}, "author": "Bob Cronin", "title": "Taylor Swift's Film Is a Smash", "description": "Movie theaters turned into concert venues this weekend as Swifties brought their dance moves and friendship bracelets to multiplexes across the country. The unparalleled enthusiasm helped propel Taylor Swift: The Eras Tour to a dominating, first-place debut b\u2026", "url": "https://www.newser.com/story/341400/taylor-swifts-film-is-a-smash.html", "urlToImage": "https://img2-azrcdn.newser.com/image/1497255-12-20231015130547.jpeg", "publishedAt": "2023-10-15T17:36:00Z", "content": "Movie theaters turned into concert venues this weekend as Swifties brought their dance moves and friendship bracelets to multiplexes across the country. The unparalleled enthusiasm helped propel Tayl\u2026 [+1941 chars]"}, {"source": {"id": null, "name": "First Showing"}, "author": "Alex Billington", "title": "Ducks on an Adventure in Illumination's 'Migration' Movie Trailer #3", "description": "\"There's a whole world we've been missing out on... things we didn't even know existed!\" Illumination has revealed another official trailer for Migration, arriving in theaters this December. This is the third trailer (now with a Taylor Swift song) after the t\u2026", "url": "https://www.firstshowing.net/2023/ducks-on-an-adventure-in-trailer-3-for-illuminations-migration-movie/", "urlToImage": "https://media2.firstshowing.net/firstshowing/img15/MigrationFullPostermaincolorbigTW3.jpg", "publishedAt": "2023-10-15T17:32:02Z", "content": "by Alex BillingtonOctober 15, 2023Source:YouTube\r\n\"There's a whole world we've been missing out on\u2026 things we didn't even know existed!\" Illumination has revealed another official trailer for Migrati\u2026 [+2514 chars]"}, {"source": {"id": null, "name": "The Daily Dot"}, "author": "Jack Alban", "title": "\u2018That was definitely the Paw Patrol movie\u2019: Cinema worker shows mess left behind by \u2018Swifties\u2019 during \u2018Eras\u2019 concert film. Viewers are skeptical", "description": "A cinema worker developed some bad blood with Taylor Swift fans after cleaning up a popcorn-laden movie theater floor in a viral TikTok that has 4.5 million views. But a follow-up clip suggests that the worker's initial reaction to Swifties in theaters might'\u2026", "url": "https://www.dailydot.com/news/taylor-swift-eras-film-cinema-mess/", "urlToImage": "https://uploads.dailydot.com/2023/10/Cleaning-up-after-swifties.jpg?auto=compress&fm=pjpg", "publishedAt": "2023-10-15T17:28:57Z", "content": "A cinema worker developed some bad blood with Taylor Swift fans after cleaning up a popcorn-laden movie theater floor in a viral TikTok that has 4.5 million views. But a follow-up clip suggests that \u2026 [+3179 chars]"}, {"source": {"id": null, "name": "/FILM"}, "author": "staff@slashfilm.com (Ethan Anderton)", "title": "Pete Davidson's Hit Or Miss Saturday Night Live Hopped On The Taylor Swift Hype Train", "description": "Pete Davidson returned to host Saturday Night Live for the first time after leaving the series at the end of season 47, and yes, Taylor Swift was there too.", "url": "https://www.slashfilm.com/1420993/pete-davidson-saturday-night-live-review-season-49-taylor-swift/", "urlToImage": "https://www.slashfilm.com/img/gallery/pete-davidsons-hit-or-miss-saturday-night-live-hopped-on-the-taylor-swift-hype-train/l-intro-1697385845.jpg", "publishedAt": "2023-10-15T17:16:25Z", "content": "As for the rest of the episode, there were a couple sketches that landed, a couple that were solid but didn't quite reach greatness, one weird premise that needed more time in the oven, and a couple \u2026 [+2006 chars]"}, {"source": {"id": null, "name": "PEOPLE"}, "author": "Andrea Mandell", "title": "Taylor Swift Notches Biggest Concert Film Debut Ever", "description": "Grammy winner Taylor Swift debuted her latest project, Taylor Swift: The Eras Tour Concert Film, earlier this week at a celebrity-packed premiere in Los Angeles", "url": "https://people.com/taylor-swift-eras-tour-concert-film-huge-financial-windfall-8358106", "urlToImage": "https://people.com/thmb/huUfEPV1l1Jon81Wd3QhLFy8A6w=/1500x0/filters:no_upscale():max_bytes(150000):strip_icc():focal(999x0:1001x2)/taylor-swift-the-eras-tour-movie-premiere-101223-2-f67fae288db543988e271196614c082b.jpg", "publishedAt": "2023-10-15T17:14:10Z", "content": "How do you top a billion-dollar tour thats still in progress? Release a concert film of the experience while shattering records, if youre Taylor Swift.\r\nThis weekend,The Eras Tour Concert Film, which\u2026 [+3581 chars]"}, {"source": {"id": null, "name": "Rolling Stone"}, "author": "Ethan Millman", "title": "Taylor Swift\u2019s \u2018Eras Tour\u2019 Concert Film Already Among the Biggest of All Time", "description": "The movie is estimated to bring in $95 to $97 million its opening weekend, AMC said on Sunday, marking the top-grossing concert film in American box office history", "url": "https://www.rollingstone.com/music/music-news/taylor-swifts-eras-tour-concert-film-box-office-numbers-1234852110/", "urlToImage": "https://www.rollingstone.com/wp-content/uploads/2023/10/Taylor-swift-eras-box-office.jpg?crop=0px%2C9px%2C1800px%2C1014px&resize=1600%2C900", "publishedAt": "2023-10-15T17:12:50Z", "content": "Taylor Swift\u2018s Eras Tour will likely conclude as the highest grossing concert tour of all time, and now it\u2019s its accompanying concert film has the potential for a similar distinction. The Eras Tour m\u2026 [+2472 chars]"}, {"source": {"id": null, "name": "Screen Rant"}, "author": "Holly McFarlane", "title": "How Much Money Taylor Swift Has Made From The Eras Tour", "description": "Pop icon Taylor Swift is set to break records with the massive revenue from the Eras Tour, but how much money does Swift actually stand to make?", "url": "https://screenrant.com/how-much-money-taylor-swift-made-eras-tour/", "urlToImage": "https://static1.srcdn.com/wordpress/wp-content/uploads/2023/10/how-much-money-taylor-swift-made-eras-tour.jpg", "publishedAt": "2023-10-15T17:10:27Z", "content": "Summary\r\n<ul><li> Taylor Swift's Eras Tour is set to become one of the biggest concert tours in history, with projected earnings of over $4 billion for the pop star herself. </li><li> The tour has no\u2026 [+3621 chars]"}, {"source": {"id": null, "name": "Biztoc.com"}, "author": "hollywoodreporter.com", "title": "After Taylor Swift, Who Else Could Rock the Box Office Without a Major Studio?", "description": "Team Taylor Swift and AMC Theatres caught Hollywood by surprise when doing an end run around the major studios and hiring AMC Theatres to distribute a secret movie chronicling her blockbuster Eras Tour. The concert pic is eyeing a huge $100 million to $125 mi\u2026", "url": "https://biztoc.com/x/55065ddad6df53b9", "urlToImage": "https://c.biztoc.com/p/55065ddad6df53b9/s.webp", "publishedAt": "2023-10-15T17:08:15Z", "content": "Team Taylor Swift and AMC Theatres caught Hollywood by surprise when doing an end run around the major studios and hiring AMC Theatres to distribute a secret movie chronicling her blockbuster Eras To\u2026 [+310 chars]"}, {"source": {"id": null, "name": "Biztoc.com"}, "author": "wsj.com", "title": "Taylor Swift\u2019s \u2018The Eras Tour\u2019 Movie Nears $100 Million U.S. Debut", "description": "The movie grossed an estimated $95 million to $97 million domestically in its opening weekend. Call it what you want, Taylor Swift \u2019s concert film was a hit at the box office.#taylorswift", "url": "https://biztoc.com/x/bee01ae221668a5f", "urlToImage": "https://c.biztoc.com/p/bee01ae221668a5f/s.webp", "publishedAt": "2023-10-15T17:04:05Z", "content": "The movie grossed an estimated $95 million to $97 million domestically in its opening weekend.Call it what you want, Taylor Swift s concert film was a hit at the box office.\r\n#taylorswift\r\nThis story\u2026 [+22 chars]"}, {"source": {"id": null, "name": "The Atlantic"}, "author": "Hannah Giorgis", "title": "\u2018Sometimes Comedy Is Really the Only Way Forward Through Tragedy\u2019", "description": "The SNL alum Pete Davidson returned to host the show\u2019s much-anticipated return\u2014and was somehow the perfect choice for it.", "url": "https://www.theatlantic.com/culture/archive/2023/10/pete-davidson-snl/675647/?utm_source=feed", "urlToImage": null, "publishedAt": "2023-10-15T16:56:49Z", "content": "The first Saturday Night Live episode since the end of the months-long writers\u2019 strike started with a somber message from the series alum Pete Davidson. He began his cold open by referencing \u201cthe hor\u2026 [+5715 chars]"}, {"source": {"id": null, "name": "Los Angeles Times"}, "author": "Josh Rottenberg", "title": "'Taylor Swift: The Eras Tour' concert film sets box office records", "description": "A juggernaut opening weekend \u2014 historic for a concert film \u2014 will be a much-needed shot in the arm for an industry hobbled by strikes.", "url": "https://www.latimes.com/entertainment-arts/movies/story/2023-10-15/taylor-swift-eras-tour-concert-film-sets-box-office-records", "urlToImage": "https://ca-times.brightspotcdn.com/dims4/default/14037ba/2147483647/strip/true/crop/4200x2205+0+597/resize/1200x630!/quality/75/?url=https%3A%2F%2Fcalifornia-times-brightspot.s3.amazonaws.com%2F74%2Fac%2F782f546247f3870b8eb180b91f51%2F1327526-et-taylor-swift-eras-tour-performance-78-ajs.jpg", "publishedAt": "2023-10-15T16:55:49Z", "content": "With Swifties singing and dancing in the aisles, Taylor Swift: The Eras Tour made swift work of dominating the box office this weekend, signaling a potential new era for concert movies.\r\nFilmed in Au\u2026 [+6278 chars]"}, {"source": {"id": null, "name": "TODAY"}, "author": "Becca Wood", "title": "Travis Kelce makes surprise \u2018SNL\u2019 cameo in skit mocking NFL's coverage of Taylor Swift", "description": "\"Saturday Night Live\" poked fun at the NFL's sudden Taylor Swift obsession \u2014 bringing on a special guest sideline reporter Travis Kelce.", "url": "https://www.today.com/popculture/tv/travis-kelce-snl-cameo-rcna120491", "urlToImage": "https://media-cldnry.s-nbcnews.com/image/upload/t_social_share_1200x630_center,f_auto,q_auto:best/rockcms/2023-10/travis-kelce-snl-bw-101523-5a97bb.jpg", "publishedAt": "2023-10-15T16:51:19Z", "content": "\"Saturday Night Live\" decided to poke some fun this week at the NFL's sudden Taylor Swift obsession bringing on a special guest sideline reporter. \r\nThe skit opens with an all-male panel of Curt Mene\u2026 [+4787 chars]"}, {"source": {"id": null, "name": "JoBlo.com"}, "author": "Brad Hamerly", "title": "Weekend Box Office: Taylor Swift falls short of Joker\u2019s October record", "description": "Despite strong pre-sale numbers, Taylor Swift: The Eras Tour fell short of Joker's record October opening\nThe post Weekend Box Office: Taylor Swift falls short of Joker\u2019s October record appeared first on JoBlo.", "url": "https://www.joblo.com/weekend-box-office-taylor-swift-falls-short-of-jokers-october-record/", "urlToImage": "https://www.joblo.com/wp-content/uploads/2023/10/taylor-swift-joker-box-office.jpg", "publishedAt": "2023-10-15T16:48:06Z", "content": "Despite strong pre-sale numbers, Taylor Swift: The Eras Tour fell short of Joker\u2019s record October opening\r\nDespite strong pre-sales, Taylor Swift was no match for Joker at the box office as it failed\u2026 [+5094 chars]"}, {"source": {"id": null, "name": "Biztoc.com"}, "author": "wsj.com", "title": "Taylor Swift\u2019s \u2018The Eras Tour\u2019 Movie Nears $100 Million U.S. Debut", "description": "The movie grossed an estimated $95 million to $97 million domestically in its opening weekend. Call it what you want, Taylor Swift \u2019s concert film was a hit at the box office.#taylorswift", "url": "https://biztoc.com/x/6d04ec9414b7d3ce", "urlToImage": "https://c.biztoc.com/p/6d04ec9414b7d3ce/s.webp", "publishedAt": "2023-10-15T16:40:06Z", "content": "The movie grossed an estimated $95 million to $97 million domestically in its opening weekend.Call it what you want, Taylor Swift s concert film was a hit at the box office.\r\n#taylorswift\r\nThis story\u2026 [+22 chars]"}, {"source": {"id": null, "name": "Minneapolis Star Tribune"}, "author": "LINDSEY BAHR", "title": "Taylor Swift's 'The Eras Tour' dances to No. 1 at the box office, eyeing 'Joker' film record", "description": "Movie theaters turned into concert venues this weekend as Swifties brought their dance moves and friendship bracelets to multiplexes across the country. The unparalleled enthusiasm helped propel ''Taylor Swift: The Eras Tour'' to a massive, first place debut \u2026", "url": "https://www.startribune.com/taylor-swifts-the-eras-tour-dances-to-no-1-at-the-box-office-eyeing-joker-film-record/600312353/", "urlToImage": "https://www.startribune.com/static/img/branding/logos/strib-social-card.png?d=1696606793", "publishedAt": "2023-10-15T16:40:00Z", "content": "Movie theaters turned into concert venues this weekend as Swifties brought their dance moves and friendship bracelets to multiplexes across the country. The unparalleled enthusiasm helped propel ''Ta\u2026 [+5370 chars]"}, {"source": {"id": null, "name": "Hollywood Life"}, "author": "Erin Silvia", "title": "Pete Davidson Sings Parody of \u2018Barbie\u2019s \u2018I\u2019m Just Ken\u2019 Song During SNL Hosting Gig", "description": "The former cast member of the show belted out lyrics to 'I'm Just Pete,' his own version of the popular movie's song, during the season 49 premiere.", "url": "https://hollywoodlife.com/2023/10/15/pete-davidson-sings-parody-barbie-ken-song-snl-video/", "urlToImage": "https://hollywoodlife.com/wp-content/uploads/2023/10/pete-davidson-parody-barbie-ken-song-snl-ftr.jpg?quality=100", "publishedAt": "2023-10-15T16:30:25Z", "content": "Image Credit: Gregory Pace/Shutterstock\r\nPete Davidson, 29, made a lasting impression with a memorable skit during the season 49 premiere of Saturday Night Live over the weekend. The comedian and for\u2026 [+2040 chars]"}, {"source": {"id": null, "name": "HuffPost"}, "author": "AP", "title": "Taylor Swift's 'The Eras Tour' Outshines All-Time Record For Concert Movie Debut", "description": "The documentary might have also snatched biggest October opening from 2019's \"Joker,\" according to early box office estimates.", "url": "https://www.huffpost.com/entry/taylor-swift-the-eras-tour-opening-records_n_652c0cade4b00565b620738d", "urlToImage": "https://img.huffingtonpost.com/asset/652c0f89230000430b54a673.jpeg?cache=Fw18Yyh277&ops=1200_630", "publishedAt": "2023-10-15T16:25:34Z", "content": "Movie theaters turned into concert venues this weekend as Swifties brought their dance moves and friendship bracelets to multiplexes across the country.\r\nThe unparalleled enthusiasm helped propel Tay\u2026 [+3498 chars]"}, {"source": {"id": "abc-news", "name": "ABC News"}, "author": "LINDSEY BAHR AP film writer", "title": "Taylor Swift\u2019s \u2018The Eras Tour\u2019 dances to No. 1 at the box office, eyeing 'Joker' film record", "description": "Movie theaters turned into concert venues this weekend as Swifties brought their dance moves and friendship bracelets to multiplexes across the country", "url": "https://abcnews.go.com/Entertainment/wireStory/taylor-swifts-eras-tour-dances-1-box-office-103995173", "urlToImage": "https://i.abcnewsfe.com/a/ba14825d-aeb2-48e2-a085-bfa92ce46e53/wirestory_877b1d546121d130a174bf1c45513cef_16x9.jpg?w=992", "publishedAt": "2023-10-15T16:22:32Z", "content": "Movie theaters turned into concert venues this weekend as Swifties brought their dance moves and friendship bracelets to multiplexes across the country. The unparalleled enthusiasm helped propel Tayl\u2026 [+3300 chars]"}, {"source": {"id": null, "name": "Biztoc.com"}, "author": "apnews.com", "title": "Taylor Swift\u2019s \u2018The Eras Tour\u2019 dances to No. 1 at the box office, eyeing 'Joker' film record", "description": "Movie theaters turned into concert venues this weekend as Swifties brought their dance moves and friendship bracelets to multiplexes across the country. The unparalleled enthusiasm helped propel \u201cTaylor Swift: The Eras Tour\u201d to a massive, first place debut be\u2026", "url": "https://biztoc.com/x/4a8fb3c694dea185", "urlToImage": "https://c.biztoc.com/p/4a8fb3c694dea185/s.webp", "publishedAt": "2023-10-15T16:20:08Z", "content": "Movie theaters turned into concert venues this weekend as Swifties brought their dance moves and friendship bracelets to multiplexes across the country. The unparalleled enthusiasm helped propel Tayl\u2026 [+312 chars]"}, {"source": {"id": null, "name": "Biztoc.com"}, "author": "reuters.com", "title": "Taylor Swift concert film nabs over $95 million at domestic theaters", "description": "Fans pass by an image of Taylor Swift as they enter a cinema to watch Taylor Swift's Eras Tour concert movie in Mexico City, Mexico October 13, 2023. REUTERS/Alexandre Meneghini Acquire Licensing Rights LOS ANGELES, Oct 15 (Reuters) - Taylor Swift's movie of \u2026", "url": "https://biztoc.com/x/4ca68b514780aefe", "urlToImage": "https://c.biztoc.com/p/4ca68b514780aefe/s.webp", "publishedAt": "2023-10-15T16:08:07Z", "content": "Fans pass by an image of Taylor Swift as they enter a cinema to watch Taylor Swift's Eras Tour concert movie in Mexico City, Mexico October 13, 2023. REUTERS/Alexandre Meneghini Acquire Licensing Rig\u2026 [+314 chars]"}, {"source": {"id": "abc-news", "name": "ABC News"}, "author": "LINDSEY BAHR AP film writer", "title": "Taylor Swift\u2019s \u2018The Eras Tour\u2019 dances to No. 1 at the box office, eyeing 'Joker' film record", "description": "Movie theaters turned into concert venues this weekend as Swifties brought their dance moves and friendship bracelets to multiplexes across the country", "url": "https://abcnews.go.com/Business/wireStory/taylor-swifts-eras-tour-dances-1-box-office-103995175", "urlToImage": "https://i.abcnewsfe.com/a/ba14825d-aeb2-48e2-a085-bfa92ce46e53/wirestory_877b1d546121d130a174bf1c45513cef_16x9.jpg?w=992", "publishedAt": "2023-10-15T16:06:36Z", "content": "Movie theaters turned into concert venues this weekend as Swifties brought their dance moves and friendship bracelets to multiplexes across the country. The unparalleled enthusiasm helped propel Tayl\u2026 [+3300 chars]"}, {"source": {"id": null, "name": "CNBC"}, "author": "Sarah Whitten", "title": "Taylor Swift Eras Tour is the highest-grossing domestic concert film ever", "description": "Taylor Swift's Eras Tour tallied between $95 million to $97 million during its opening weekend, making it the highest-grossing domestic concert film release ever.", "url": "https://www.cnbc.com/2023/10/15/taylor-swift-eras-tour-concert-film-opening-weekend-box-office.html", "urlToImage": "https://image.cnbcfm.com/api/v1/image/107247248-1685111973425-gettyimages-1474294735-km107054_f90bdc38-b86b-4fe0-8a01-075b8b0c430d.jpeg?v=1697385946&w=1920&h=1080", "publishedAt": "2023-10-15T16:05:46Z", "content": "Box office analysts became Swifties in the lead-up to Taylor Swift's Eras Tour concert film release, estimating blockbuster-style opening weekend numbers.\r\nAnd Swift delivered.\r\nWhile the pop singer \u2026 [+3894 chars]"}, {"source": {"id": null, "name": "Forbes"}, "author": "Molly Bohannon, Forbes Staff, \n Molly Bohannon, Forbes Staff\n https://www.forbes.com/sites/mollybohannon/", "title": "Taylor Swift Dominates Box Office With $95 Million Opening For \u2018Eras Tour\u2019 Film", "description": "The film brought in $39 million across nearly 4,000 theaters on its opening Friday, marking the second-best domestic October premiere.", "url": "https://www.forbes.com/sites/mollybohannon/2023/10/15/taylor-swift-dominates-box-office-with-95-million-opening-for-eras-tour-film/", "urlToImage": "https://imageio.forbes.com/specials-images/imageserve/652c06d42ab64e209bb20ae9/0x0.jpg?format=jpg&crop=2591,1456,x0,y8,safe&height=900&width=1600&fit=bounds", "publishedAt": "2023-10-15T16:05:35Z", "content": "Taylor Swift revived the fall box office this weekend with the premiere of her Eras Tour concert film, which easily won the weekend with between $95 million and $97 million in U.S. sales, according t\u2026 [+4337 chars]"}, {"source": {"id": null, "name": "[Removed]"}, "author": null, "title": "[Removed]", "description": "[Removed]", "url": "https://removed.com", "urlToImage": null, "publishedAt": "1970-01-01T00:00:00Z", "content": "[Removed]"}, {"source": {"id": null, "name": "VOA News"}, "author": "webdesk@voanews.com (Reuters)", "title": "Taylor Swift Concert Film Nabs Over $95 million at Domestic Theaters", "description": "Taylor Swift's movie of her Eras Tour concert dominated theaters over the weekend with $95 million to $97 million in U.S. and Canadian ticket sales, according to estimates from distributor AMC Theatres AMC.N on Sunday.\n\n\nThe movie, called \"Taylor Swift: The E\u2026", "url": "https://www.voanews.com/a/taylor-swift-concert-film-nabs-over-95-million-at-domestic-theaters/7311759.html", "urlToImage": "https://gdb.voanews.com/01000000-0aff-0242-ecdf-08dbcd956b84_w1200_r1.jpg", "publishedAt": "2023-10-15T15:48:41Z", "content": "Los Angeles \u00a0Taylor Swift's movie of her Eras Tour concert dominated theaters over the weekend with $95 million to $97 million in U.S. and Canadian ticket sales, according to estimates from distribut\u2026 [+807 chars]"}, {"source": {"id": null, "name": "Biztoc.com"}, "author": "forbes.com", "title": "Taylor Swift Could Earn Hundreds Of Millions From Her Movie", "description": "Taylor Swift's latest movie, Taylor Swift: The Eras Tour, is currently gracing theaters and is well on its way to redefining box office success for concert films. While the title is already generating positive reviews and substantial earnings, the payday for \u2026", "url": "https://biztoc.com/x/25138cbd40af7fd2", "urlToImage": "https://c.biztoc.com/p/25138cbd40af7fd2/s.webp", "publishedAt": "2023-10-15T15:46:08Z", "content": "Taylor Swift's latest movie, Taylor Swift: The Eras Tour, is currently gracing theaters and is well on its way to redefining box office success for concert films. While the title is already generatin\u2026 [+257 chars]"}, {"source": {"id": null, "name": "The A.V. Club"}, "author": "Christina Izzo", "title": "Saturday Night Live season 49 premiere: Pete Davidson returns with the same old jokes", "description": "The prodigal son has returned: Pete Davidson, erstwhile \u201cWeekend Update\u201d wunderkind/prolific seducer of Hollywood\u2019s most famous women, is back. The Bupkis star\u2014who, as the first cast member born in the 1990s, was relegated to being the show\u2019s \u201cresident young \u2026", "url": "https://www.avclub.com/saturday-night-live-review-season-49-premiere-1850927960", "urlToImage": "https://i.kinja-img.com/image/upload/c_fill,f_auto,fl_progressive,g_center,h_675,pg_1,q_80,w_1200/e9fc9efd0c4bc3cec399c33a89ecbbeb.jpg", "publishedAt": "2023-10-15T15:45:00Z", "content": "The prodigal son has returned: Pete Davidson, erstwhile Weekend Update wunderkind/prolific seducer of Hollywoods most famous women, is back. The Bupkis starwho, as the first cast member born in the 1\u2026 [+4976 chars]"}, {"source": {"id": null, "name": "Marketscreener.com"}, "author": null, "title": "Taylor Swift concert film nabs over $95 million at domestic theaters", "description": "(marketscreener.com) Taylor Swift's movie of\nher Eras Tour concert dominated theaters over the weekend with\n$95 million to $97 million in U.S. and Canadian ticket sales,\naccording to estimates from distributor AMC Theatres on\nSunday.\nThe movie, called \"Taylor\u2026", "url": "https://www.marketscreener.com/quote/stock/AMC-ENTERTAINMENT-HOLDING-15231781/news/Taylor-Swift-concert-film-nabs-over-95-million-at-domestic-theaters-45066402/", "urlToImage": "https://www.marketscreener.com/images/twitter_MS_fdnoir.png", "publishedAt": "2023-10-15T15:34:36Z", "content": "LOS ANGELES, Oct 15 (Reuters) - Taylor Swift's movie of\r\nher Eras Tour concert dominated theaters over the weekend with\r\n$95 million to $97 million in U.S. and Canadian ticket sales,\r\naccording to es\u2026 [+901 chars]"}, {"source": {"id": null, "name": "Marketscreener.com"}, "author": null, "title": "Box office hero: Taylor Swift concert film dominates at theaters", "description": "(marketscreener.com) \n \n \n LOS ANGELES, Oct 15 -\n Pop singer Taylor Swift ruled movie box offices over the\nweekend as her concert film transformed darkened theaters into\ndance floors and hauled in an estimated $126 million-plus around\nthe world.\n Moviegoers d\u2026", "url": "https://www.marketscreener.com/quote/stock/COMSCORE-INC-55451/news/Box-office-hero-Taylor-Swift-concert-film-dominates-at-theaters-45066494/", "urlToImage": "https://www.marketscreener.com/images/twitter_MS_fdnoir.png", "publishedAt": "2023-10-15T15:34:36Z", "content": "LOS ANGELES, Oct 15 (Reuters) -\r\nPop singer Taylor Swift ruled movie box offices over the\r\nweekend as her concert film transformed darkened theaters into\r\ndance floors and hauled in an estimated $126\u2026 [+3235 chars]"}, {"source": {"id": null, "name": "Biztoc.com"}, "author": "variety.com", "title": "Box Office: Taylor Swift\u2019s \u2018Eras Tour\u2019 Concert Film Dazzles With Estimated $95 Million to $97 Million Opening Weekend", "description": "After selling out stadiums across the country, Taylor Swift is filling movie theaters with \u201cThe Eras Tour\u201d concert film, which ignited to estimates of $95 million to $97 million over the weekend. Studios typically report a firmer number at this point, but \u201cwi\u2026", "url": "https://biztoc.com/x/4239448dfe535c53", "urlToImage": "https://c.biztoc.com/p/4239448dfe535c53/s.webp", "publishedAt": "2023-10-15T15:30:19Z", "content": "After selling out stadiums across the country, Taylor Swift is filling movie theaters with The Eras Tour concert film, which ignited to estimates of $95 million to $97 million over the weekend. Studi\u2026 [+305 chars]"}, {"source": {"id": null, "name": "Hollywood Life"}, "author": "Erin Silvia", "title": "Taylor Swift & Travis Kelce Seemingly Confirm Romance With PDA-Filled Date at NYC Restaurant: Photos", "description": "The singer and NFL Player held hands as they enjoyed dinner together before making surprise guest appearance on 'SNL.'", "url": "https://hollywoodlife.com/2023/10/15/taylor-swift-travis-kelce-hold-hands-date-nyc-restaurant-photos/", "urlToImage": "https://hollywoodlife.com/wp-content/uploads/2023/10/taylor-swift-and-travis-kelce-feelings-ss-ftr-.jpg?quality=100", "publishedAt": "2023-10-15T15:27:27Z", "content": "Image Credit: Broadimage/Shutterstock / Jason Squires/Shutterstock\r\nTaylor Swift, 33, and Travis Kelce, 34, seemingly confirmed their rumored romance by showing off PDA in public for the first time o\u2026 [+2223 chars]"}, {"source": {"id": null, "name": "CNA"}, "author": null, "title": "Taylor Swift concert film nabs over $95 million at domestic theaters", "description": "LOS ANGELES :Taylor Swift's movie of her Eras Tour concert dominated theaters over the weekend with $95 million to $97 million in U.S. and Canadian ticket sales, according to estimates from distributor AMC Theatres on Sunday.The movie, called \"Taylor Swift: T\u2026", "url": "https://www.channelnewsasia.com/cna-lifestyle/taylor-swift-concert-film-nabs-over-95-million-domestic-theaters-3847796", "urlToImage": "https://onecms-res.cloudinary.com/image/upload/s--k0URSWKg--/fl_relative,g_south_east,l_one-cms:core:watermark:reuters,w_0.1/f_auto,q_auto/c_fill,g_auto,h_676,w_1200/v1/one-cms/core/2023-10-15t152649z_1_lynxmpej9e08u_rtroptp_3_film-concert-taylor-swift.jpg?itok=f9JzNBh5", "publishedAt": "2023-10-15T15:26:49Z", "content": "LOS ANGELES :Taylor Swift's movie of her Eras Tour concert dominated theaters over the weekend with $95 million to $97 million in U.S. and Canadian ticket sales, according to estimates from distribut\u2026 [+794 chars]"}, {"source": {"id": null, "name": "CNA"}, "author": null, "title": "Taylor Swift concert film hauls in about $95 million at domestic theaters", "description": "LOS ANGELES : Taylor Swift's movie of her Eras Tour concert dominated theaters over the weekend with an estimated $95 million to $97 million in U.S. and Canadian ticket sales, according to estimates from distributor AMC Theatres on Sunday.", "url": "https://www.channelnewsasia.com/cna-lifestyle/taylor-swift-concert-film-hauls-about-95-million-domestic-theaters-3847796", "urlToImage": "https://onecms-res.cloudinary.com/image/upload/s--k0URSWKg--/fl_relative,g_south_east,l_one-cms:core:watermark:reuters,w_0.1/f_auto,q_auto/c_fill,g_auto,h_676,w_1200/v1/one-cms/core/2023-10-15t152649z_1_lynxmpej9e08u_rtroptp_3_film-concert-taylor-swift.jpg?itok=f9JzNBh5", "publishedAt": "2023-10-15T15:26:49Z", "content": "We know it's a hassle to switch browsers but we want your experience with CNA to be fast, secure and the best it can possibly be.\r\nTo continue, upgrade to a supported browser or, for the finest exper\u2026 [+30 chars]"}, {"source": {"id": null, "name": "Biztoc.com"}, "author": "hollywoodreporter.com", "title": "\u2018Taylor Swift: Eras Tour\u2019 Enchants With $95M-$97M Box Office Opening in North America", "description": "Taylor Swift: The Eras Tour may have fallen just short of an expected $100 million debut at the domestic box office, but it still did enchanting business. The female-fueled concert film opened to an estimated $95 million to $97 million from 3,850 theaters, th\u2026", "url": "https://biztoc.com/x/c736e7a7ea740c20", "urlToImage": "https://c.biztoc.com/p/c736e7a7ea740c20/s.webp", "publishedAt": "2023-10-15T15:16:12Z", "content": "Taylor Swift: The Eras Tour may have fallen just short of an expected $100 million debut at the domestic box office, but it still did enchanting business. The female-fueled concert film opened to an \u2026 [+305 chars]"}, {"source": {"id": null, "name": "Just Jared"}, "author": "Just Jared", "title": "'Taylor Swift: The Eras Tour' - Opening Weekend Box Office Numbers Revealed!", "description": "The Taylor Swift: The Eras Tour numbers are in! The movie is expected to bring in a haul of about $95-$97 million at the domestic box office, via TheWrap. Prior to the release, AMC projected a $100 million domestic opening for the concert film, which would ha\u2026", "url": "https://www.justjared.com/2023/10/15/taylor-swift-the-eras-tour-opening-weekend-box-office-numbers-revealed/", "urlToImage": "https://cdn.justjared.com/wp-content/uploads/headlines/2023/10/swift-box-office-social.jpg", "publishedAt": "2023-10-15T15:14:21Z", "content": "The Taylor Swift: The Eras Tour numbers are in!\r\nThe movie is expected to bring in a haul of about $95-$97 million at the domestic box office, via TheWrap.\r\nPrior to the release, AMC projected a $100\u2026 [+729 chars]"}, {"source": {"id": null, "name": "The Boston Globe"}, "author": "Kenneth Singletary", "title": "As \u2018SNL\u2019 returns, Pete Davidson opens the show on a somber note", "description": "\"SNL\" is back after the ending of the writers strike, and Pete Davidson was host of last night's episode.", "url": "https://www.bostonglobe.com/2023/10/15/arts/snl-returns-pete-davidson-opens-show-somber-note/", "urlToImage": "https://bostonglobe-prod.cdn.arcpublishing.com/resizer/pIK1EpdDQMAF1iCFMlHMhgSxVZ0=/506x0/cloudfront-us-east-1.images.arcpublishing.com/bostonglobe/MKTMKR553ZAO25YVCQSKWFWFU4.jpg", "publishedAt": "2023-10-15T15:13:19Z", "content": "Pete Davidson opened last nights SNL on a somber note as he spoke about the ongoing fighting in Israel and Gaza\r\nI know what youre thinking, he said \" Who better to comment on it than Pete Davidson? \u2026 [+1338 chars]"}]